"[[1, 0], [0, 1]]","[[(1, 1), (0, 0)], [(0, 0), (1, 1)]]",40,2000,1.0,0.01,0.01,0.0,0.0,0.0,5,1,1.0,2000,400,0.0,1.0,0.0,1.0,6.396,1.0,0.525,0.05,0.0,0.175,0.775,0.82,0.17
"[[1, 0], [0, 1]]","[[(1, 1), (0, 0)], [(0, 0), (1, 1)]]",40,2000,1.0,0.01,0.01,0.0,0.0,0.0,5,1,1.0,2000,400,0.0,1.0,0.0,1.0,5.887,1.0,0.525,0.0,0.025,0.025,0.95,0.05,0.95
"[[1, 0], [0, 1]]","[[(1, 1), (0, 0)], [(0, 0), (1, 1)]]",40,2000,1.0,0.01,0.01,0.0,0.0,0.0,5,1,1.0,2000,400,0.0,1.0,0.0,1.0,5.778,1.0,0.525,0.0,0.0,0.025,0.975,0.97,0.03
"[[1, 0], [0, 1]]","[[(1, 1), (0, 0)], [(0, 0), (1, 1)]]",40,2000,1.0,0.01,0.01,0.0,0.0,0.0,5,1,1.0,2000,400,0.0,1.0,0.0,1.0,6.256,1.0,0.525,0.025,0.025,0.0,0.95,0.05,0.95
"[[1, 0], [0, 1]]","[[(1, 1), (0, 0)], [(0, 0), (1, 1)]]",40,2000,1.0,0.01,0.01,0.0,0.0,0.0,5,1,1.0,2000,400,0.0,1.0,0.0,1.0,6.029,1.0,0.525,0.0,0.025,0.0,0.975,0.97,0.03
"[[1, 0], [0, 1]]","[[(1, 1), (0, 0)], [(0, 0), (1, 1)]]",40,2000,1.0,0.01,0.01,0.0,0.0,0.0,5,1,1.0,2000,400,0.0,1.0,0.0,1.0,5.988,1.0,0.525,0.0,0.0,0.05,0.95,0.95,0.05
"[[1, 0], [0, 1]]","[[(1, 1), (0, 0)], [(0, 0), (1, 1)]]",40,2000,1.0,0.01,0.01,0.0,0.0,0.0,5,1,1.0,2000,400,0.0,1.0,0.0,1.0,5.882,1.0,0.525,0.025,0.0,0.125,0.85,0.85,0.15
"[[1, 0], [0, 1]]","[[(1, 1), (0, 0)], [(0, 0), (1, 1)]]",40,2000,1.0,0.01,0.01,0.0,0.0,0.0,5,1,1.0,2000,400,0.0,1.0,0.0,1.0,5.703,1.0,0.525,0.05,0.05,0.0,0.9,0.9,0.1
"[[1, 0], [0, 1]]","[[(1, 1), (0, 0)], [(0, 0), (1, 1)]]",40,2000,1.0,0.01,0.01,0.0,0.0,0.0,5,1,1.0,2000,400,0.0,1.0,0.0,1.0,5.57,1.0,0.525,0.025,0.0,0.0,0.975,0.97,0.03
"[[1, 0], [0, 1]]","[[(1, 1), (0, 0)], [(0, 0), (1, 1)]]",40,2000,1.0,0.01,0.01,0.0,0.0,0.0,5,1,1.0,2000,400,0.0,1.0,0.0,1.0,5.811,1.0,0.525,0.0,0.0,0.0,1.0,1.0,0.0
"[[1, 0], [0, 1]]","[[(1, 1), (0, 0)], [(0, 0), (1, 1)]]",40,2000,1.0,0.01,0.01,0.0,0.0,0.0,5,1,1.0,2000,400,0.0,1.0,0.0,1.0,5.985,1.0,0.525,0.05,0.2,0.05,0.7,0.7,0.3
"[[1, 0], [0, 1]]","[[(1, 1), (0, 0)], [(0, 0), (1, 1)]]",40,2000,1.0,0.01,0.01,0.0,0.0,0.0,5,1,1.0,2000,400,0.0,1.0,0.0,1.0,5.6,1.0,0.525,0.0,0.025,0.075,0.9,0.1,0.9
"[[1, 0], [0, 1]]","[[(1, 1), (0, 0)], [(0, 0), (1, 1)]]",40,2000,1.0,0.01,0.01,0.0,0.0,0.0,5,1,1.0,2000,400,0.0,1.0,0.0,1.0,5.43,1.0,0.525,0.0,0.025,0.0,0.975,0.97,0.03
"[[1, 0], [0, 1]]","[[(1, 1), (0, 0)], [(0, 0), (1, 1)]]",40,2000,1.0,0.01,0.01,0.0,0.0,0.0,5,1,1.0,2000,400,0.0,1.0,0.0,1.0,5.644,1.0,0.525,0.0,0.1,0.025,0.875,0.12,0.88
"[[1, 0], [0, 1]]","[[(1, 1), (0, 0)], [(0, 0), (1, 1)]]",40,2000,1.0,0.01,0.01,0.0,0.0,0.0,5,1,1.0,2000,400,0.0,1.0,0.0,1.0,5.972,1.0,0.525,0.0,0.0,0.0,1.0,1.0,0.0
"[[1, 0], [0, 1]]","[[(1, 1), (0, 0)], [(0, 0), (1, 1)]]",40,2000,1.0,0.01,0.01,0.0,0.25,0.0,5,1,1.0,2000,400,0.0,1.0,0.0,1.0,5.806,0.142,0.45,0.0,0.0,0.075,0.925,0.07,0.93
"[[1, 0], [0, 1]]","[[(1, 1), (0, 0)], [(0, 0), (1, 1)]]",40,2000,1.0,0.01,0.01,0.0,0.25,0.0,5,1,1.0,2000,400,0.0,1.0,0.0,1.0,6.378,0.102,0.475,0.0,0.0,0.075,0.925,0.07,0.93
"[[1, 0], [0, 1]]","[[(1, 1), (0, 0)], [(0, 0), (1, 1)]]",40,2000,1.0,0.01,0.01,0.0,0.25,0.0,5,1,1.0,2000,400,0.0,1.0,0.0,1.0,5.671,0.125,0.325,0.0,0.075,0.0,0.925,0.07,0.93
"[[1, 0], [0, 1]]","[[(1, 1), (0, 0)], [(0, 0), (1, 1)]]",40,2000,1.0,0.01,0.01,0.0,0.25,0.0,5,1,1.0,2000,400,0.0,1.0,0.0,1.0,5.928,0.12,0.45,0.0,0.0,0.0,1.0,0.0,1.0
"[[1, 0], [0, 1]]","[[(1, 1), (0, 0)], [(0, 0), (1, 1)]]",40,2000,1.0,0.01,0.01,0.0,0.25,0.0,5,1,1.0,2000,400,0.0,1.0,0.0,1.0,5.959,0.138,0.425,0.05,0.025,0.05,0.875,0.88,0.12
"[[1, 0], [0, 1]]","[[(1, 1), (0, 0)], [(0, 0), (1, 1)]]",40,2000,1.0,0.01,0.01,0.0,0.25,0.0,5,1,1.0,2000,400,0.0,1.0,0.0,1.0,6.049,0.118,0.475,0.05,0.025,0.0,0.925,0.93,0.07
"[[1, 0], [0, 1]]","[[(1, 1), (0, 0)], [(0, 0), (1, 1)]]",40,2000,1.0,0.01,0.01,0.0,0.25,0.0,5,1,1.0,2000,400,0.0,1.0,0.0,1.0,6.336,0.113,0.4,0.0,0.0,0.1,0.9,0.9,0.1
"[[1, 0], [0, 1]]","[[(1, 1), (0, 0)], [(0, 0), (1, 1)]]",40,2000,1.0,0.01,0.01,0.0,0.25,0.0,5,1,1.0,2000,400,0.0,1.0,0.0,1.0,5.381,0.133,0.575,0.0,0.15,0.0,0.85,0.15,0.85
"[[1, 0], [0, 1]]","[[(1, 1), (0, 0)], [(0, 0), (1, 1)]]",40,2000,1.0,0.01,0.01,0.0,0.25,0.0,5,1,1.0,2000,400,0.0,1.0,0.0,1.0,6.066,0.107,0.325,0.0,0.025,0.0,0.975,0.03,0.97
"[[1, 0], [0, 1]]","[[(1, 1), (0, 0)], [(0, 0), (1, 1)]]",40,2000,1.0,0.01,0.01,0.0,0.25,0.0,5,1,1.0,2000,400,0.0,1.0,0.0,1.0,6.057,0.135,0.475,0.0,0.0,0.0,1.0,1.0,0.0
"[[1, 0], [0, 1]]","[[(1, 1), (0, 0)], [(0, 0), (1, 1)]]",40,2000,1.0,0.01,0.01,0.0,0.25,0.0,5,1,1.0,2000,400,0.0,1.0,0.0,1.0,5.885,0.115,0.5,0.0,0.0,0.075,0.925,0.93,0.07
"[[1, 0], [0, 1]]","[[(1, 1), (0, 0)], [(0, 0), (1, 1)]]",40,2000,1.0,0.01,0.01,0.0,0.25,0.0,5,1,1.0,2000,400,0.0,1.0,0.0,1.0,5.94,0.107,0.55,0.0,0.075,0.025,0.9,0.1,0.9
"[[1, 0], [0, 1]]","[[(1, 1), (0, 0)], [(0, 0), (1, 1)]]",40,2000,1.0,0.01,0.01,0.0,0.25,0.0,5,1,1.0,2000,400,0.0,1.0,0.0,1.0,6.341,0.148,0.5,0.025,0.075,0.0,0.9,0.1,0.9
"[[1, 0], [0, 1]]","[[(1, 1), (0, 0)], [(0, 0), (1, 1)]]",40,2000,1.0,0.01,0.01,0.0,0.25,0.0,5,1,1.0,2000,400,0.0,1.0,0.0,1.0,5.49,0.135,0.425,0.0,0.0,0.0,1.0,1.0,0.0
"[[1, 0], [0, 1]]","[[(1, 1), (0, 0)], [(0, 0), (1, 1)]]",40,2000,1.0,0.01,0.01,0.0,0.25,0.0,5,1,1.0,2000,400,0.0,1.0,0.0,1.0,6.007,0.123,0.475,0.0,0.0,0.0,1.0,0.0,1.0
"[[1, 0], [0, 1]]","[[(1, 1), (0, 0)], [(0, 0), (1, 1)]]",40,2000,1.0,0.01,0.01,0.0,0.5,0.0,5,1,1.0,2000,400,0.0,1.0,0.0,1.0,5.389,0.138,0.45,0.0,0.0,0.0,1.0,0.0,1.0
"[[1, 0], [0, 1]]","[[(1, 1), (0, 0)], [(0, 0), (1, 1)]]",40,2000,1.0,0.01,0.01,0.0,0.5,0.0,5,1,1.0,2000,400,0.0,1.0,0.0,1.0,5.713,0.145,0.5,0.0,0.05,0.0,0.95,0.3,0.7
"[[1, 0], [0, 1]]","[[(1, 1), (0, 0)], [(0, 0), (1, 1)]]",40,2000,1.0,0.01,0.01,0.0,0.5,0.0,5,1,1.0,2000,400,0.0,1.0,0.0,1.0,6.443,0.125,0.475,0.05,0.1,0.0,0.85,0.15,0.85
"[[1, 0], [0, 1]]","[[(1, 1), (0, 0)], [(0, 0), (1, 1)]]",40,2000,1.0,0.01,0.01,0.0,0.5,0.0,5,1,1.0,2000,400,0.0,1.0,0.0,1.0,5.984,0.115,0.375,0.0,0.0,0.05,0.95,0.05,0.95
"[[1, 0], [0, 1]]","[[(1, 1), (0, 0)], [(0, 0), (1, 1)]]",40,2000,1.0,0.01,0.01,0.0,0.5,0.0,5,1,1.0,2000,400,0.0,1.0,0.0,1.0,6.471,0.133,0.475,0.025,0.0,0.025,0.95,0.05,0.95
"[[1, 0], [0, 1]]","[[(1, 1), (0, 0)], [(0, 0), (1, 1)]]",40,2000,1.0,0.01,0.01,0.0,0.5,0.0,5,1,1.0,2000,400,0.0,1.0,0.0,1.0,6.29,0.105,0.3,0.05,0.0,0.025,0.925,0.93,0.07
"[[1, 0], [0, 1]]","[[(1, 1), (0, 0)], [(0, 0), (1, 1)]]",40,2000,1.0,0.01,0.01,0.0,0.5,0.0,5,1,1.0,2000,400,0.0,1.0,0.0,1.0,5.821,0.15,0.475,0.025,0.025,0.2,0.75,0.75,0.25
"[[1, 0], [0, 1]]","[[(1, 1), (0, 0)], [(0, 0), (1, 1)]]",40,2000,1.0,0.01,0.01,0.0,0.5,0.0,5,1,1.0,2000,400,0.0,1.0,0.0,1.0,6.495,0.125,0.425,0.025,0.0,0.025,0.95,0.95,0.05
"[[1, 0], [0, 1]]","[[(1, 1), (0, 0)], [(0, 0), (1, 1)]]",40,2000,1.0,0.01,0.01,0.0,0.5,0.0,5,1,1.0,2000,400,0.0,1.0,0.0,1.0,6.019,0.12,0.5,0.0,0.075,0.05,0.875,0.12,0.88
"[[1, 0], [0, 1]]","[[(1, 1), (0, 0)], [(0, 0), (1, 1)]]",40,2000,1.0,0.01,0.01,0.0,0.5,0.0,5,1,1.0,2000,400,0.0,1.0,0.0,1.0,5.581,0.14,0.275,0.0,0.0,0.0,1.0,0.0,1.0
"[[1, 0], [0, 1]]","[[(1, 1), (0, 0)], [(0, 0), (1, 1)]]",40,2000,1.0,0.01,0.01,0.0,0.5,0.0,5,1,1.0,2000,400,0.0,1.0,0.0,1.0,6.316,0.135,0.525,0.025,0.0,0.025,0.95,0.95,0.05
"[[1, 0], [0, 1]]","[[(1, 1), (0, 0)], [(0, 0), (1, 1)]]",40,2000,1.0,0.01,0.01,0.0,0.5,0.0,5,1,1.0,2000,400,0.0,1.0,0.0,1.0,6.063,0.113,0.425,0.0,0.025,0.0,0.975,0.03,0.97
"[[1, 0], [0, 1]]","[[(1, 1), (0, 0)], [(0, 0), (1, 1)]]",40,2000,1.0,0.01,0.01,0.0,0.5,0.0,5,1,1.0,2000,400,0.0,1.0,0.0,1.0,6.328,0.155,0.475,0.075,0.0,0.0,0.925,0.07,0.93
"[[1, 0], [0, 1]]","[[(1, 1), (0, 0)], [(0, 0), (1, 1)]]",40,2000,1.0,0.01,0.01,0.0,0.5,0.0,5,1,1.0,2000,400,0.0,1.0,0.0,1.0,6.71,0.155,0.475,0.0,0.25,0.025,0.725,0.28,0.72
"[[1, 0], [0, 1]]","[[(1, 1), (0, 0)], [(0, 0), (1, 1)]]",40,2000,1.0,0.01,0.01,0.0,0.5,0.0,5,1,1.0,2000,400,0.0,1.0,0.0,1.0,6.303,0.113,0.45,0.05,0.0,0.0,0.95,0.05,0.95
"[[1, 0], [0, 1]]","[[(1, 1), (0, 0)], [(0, 0), (1, 1)]]",40,2000,1.0,0.01,0.01,0.0,0.75,0.0,5,1,1.0,2000,400,0.0,1.0,0.0,1.0,5.905,0.118,0.425,0.0,0.05,0.0,0.95,0.05,0.95
"[[1, 0], [0, 1]]","[[(1, 1), (0, 0)], [(0, 0), (1, 1)]]",40,2000,1.0,0.01,0.01,0.0,0.75,0.0,5,1,1.0,2000,400,0.0,1.0,0.0,1.0,6.446,0.11,0.35,0.025,0.05,0.0,0.925,0.95,0.05
"[[1, 0], [0, 1]]","[[(1, 1), (0, 0)], [(0, 0), (1, 1)]]",40,2000,1.0,0.01,0.01,0.0,0.75,0.0,5,1,1.0,2000,400,0.0,1.0,0.0,1.0,6.309,0.115,0.475,0.075,0.05,0.125,0.75,0.75,0.25
"[[1, 0], [0, 1]]","[[(1, 1), (0, 0)], [(0, 0), (1, 1)]]",40,2000,1.0,0.01,0.01,0.0,0.75,0.0,5,1,1.0,2000,400,0.0,1.0,0.0,1.0,5.822,0.107,0.525,0.025,0.025,0.025,0.925,0.07,0.93
"[[1, 0], [0, 1]]","[[(1, 1), (0, 0)], [(0, 0), (1, 1)]]",40,2000,1.0,0.01,0.01,0.0,0.75,0.0,5,1,1.0,2000,400,0.0,1.0,0.0,1.0,5.614,0.103,0.325,0.075,0.1,0.075,0.75,0.2,0.8
"[[1, 0], [0, 1]]","[[(1, 1), (0, 0)], [(0, 0), (1, 1)]]",40,2000,1.0,0.01,0.01,0.0,0.75,0.0,5,1,1.0,2000,400,0.0,1.0,0.0,1.0,6.39,0.128,0.45,0.0,0.025,0.05,0.925,0.93,0.07
"[[1, 0], [0, 1]]","[[(1, 1), (0, 0)], [(0, 0), (1, 1)]]",40,2000,1.0,0.01,0.01,0.0,0.75,0.0,5,1,1.0,2000,400,0.0,1.0,0.0,1.0,5.674,0.115,0.425,0.0,0.1,0.225,0.675,0.68,0.33
"[[1, 0], [0, 1]]","[[(1, 1), (0, 0)], [(0, 0), (1, 1)]]",40,2000,1.0,0.01,0.01,0.0,0.75,0.0,5,1,1.0,2000,400,0.0,1.0,0.0,1.0,6.52,0.113,0.325,0.0,0.025,0.0,0.975,0.03,0.97
"[[1, 0], [0, 1]]","[[(1, 1), (0, 0)], [(0, 0), (1, 1)]]",40,2000,1.0,0.01,0.01,0.0,0.75,0.0,5,1,1.0,2000,400,0.0,1.0,0.0,1.0,6.064,0.135,0.325,0.05,0.0,0.025,0.925,0.07,0.93
"[[1, 0], [0, 1]]","[[(1, 1), (0, 0)], [(0, 0), (1, 1)]]",40,2000,1.0,0.01,0.01,0.0,0.75,0.0,5,1,1.0,2000,400,0.0,1.0,0.0,1.0,6.127,0.115,0.5,0.0,0.05,0.025,0.925,0.07,0.93
"[[1, 0], [0, 1]]","[[(1, 1), (0, 0)], [(0, 0), (1, 1)]]",40,2000,1.0,0.01,0.01,0.0,0.75,0.0,5,1,1.0,2000,400,0.0,1.0,0.0,1.0,6.123,0.125,0.325,0.0,0.0,0.0,1.0,0.0,1.0
"[[1, 0], [0, 1]]","[[(1, 1), (0, 0)], [(0, 0), (1, 1)]]",40,2000,1.0,0.01,0.01,0.0,0.75,0.0,5,1,1.0,2000,400,0.0,1.0,0.0,1.0,5.995,0.118,0.325,0.0,0.05,0.25,0.7,0.17,0.82
"[[1, 0], [0, 1]]","[[(1, 1), (0, 0)], [(0, 0), (1, 1)]]",40,2000,1.0,0.01,0.01,0.0,0.75,0.0,5,1,1.0,2000,400,0.0,1.0,0.0,1.0,6.337,0.12,0.4,0.0,0.05,0.0,0.95,0.05,0.95
"[[1, 0], [0, 1]]","[[(1, 1), (0, 0)], [(0, 0), (1, 1)]]",40,2000,1.0,0.01,0.01,0.0,0.75,0.0,5,1,1.0,2000,400,0.0,1.0,0.0,1.0,6.2,0.105,0.45,0.0,0.075,0.0,0.925,0.07,0.93
"[[1, 0], [0, 1]]","[[(1, 1), (0, 0)], [(0, 0), (1, 1)]]",40,2000,1.0,0.01,0.01,0.0,0.75,0.0,5,1,1.0,2000,400,0.0,1.0,0.0,1.0,6.723,0.12,0.6,0.0,0.1,0.0,0.9,0.1,0.9
"[[1, 0], [0, 1]]","[[(1, 1), (0, 0)], [(0, 0), (1, 1)]]",40,2000,1.0,0.01,0.01,0.0,1.0,0.0,5,1,1.0,2000,400,0.0,1.0,0.0,1.0,90.72,1.0,0.9,0.175,0.775,0.025,0.025,0.23,0.78
"[[1, 0], [0, 1]]","[[(1, 1), (0, 0)], [(0, 0), (1, 1)]]",40,2000,1.0,0.01,0.01,0.0,1.0,0.0,5,1,1.0,2000,400,0.0,1.0,0.0,1.0,90.801,1.0,0.9,0.0,1.0,0.0,0.0,1.0,0.0
"[[1, 0], [0, 1]]","[[(1, 1), (0, 0)], [(0, 0), (1, 1)]]",40,2000,1.0,0.01,0.01,0.0,1.0,0.0,5,1,1.0,2000,400,0.0,1.0,0.0,1.0,90.994,1.0,0.95,0.05,0.925,0.025,0.0,0.07,0.93
"[[1, 0], [0, 1]]","[[(1, 1), (0, 0)], [(0, 0), (1, 1)]]",40,2000,1.0,0.01,0.01,0.0,1.0,0.0,5,1,1.0,2000,400,0.0,1.0,0.0,1.0,91.012,1.0,0.95,0.025,0.975,0.0,0.0,0.97,0.03
"[[1, 0], [0, 1]]","[[(1, 1), (0, 0)], [(0, 0), (1, 1)]]",40,2000,1.0,0.01,0.01,0.0,1.0,0.0,5,1,1.0,2000,400,0.0,1.0,0.0,1.0,90.982,1.0,0.85,0.0,0.95,0.025,0.025,0.05,0.95
"[[1, 0], [0, 1]]","[[(1, 1), (0, 0)], [(0, 0), (1, 1)]]",40,2000,1.0,0.01,0.01,0.0,1.0,0.0,5,1,1.0,2000,400,0.0,1.0,0.0,1.0,90.966,1.0,0.1,0.05,0.025,0.925,0.0,0.93,0.07
"[[1, 0], [0, 1]]","[[(1, 1), (0, 0)], [(0, 0), (1, 1)]]",40,2000,1.0,0.01,0.01,0.0,1.0,0.0,5,1,1.0,2000,400,0.0,1.0,0.0,1.0,91.059,1.0,0.8,0.125,0.85,0.0,0.025,0.85,0.15
"[[1, 0], [0, 1]]","[[(1, 1), (0, 0)], [(0, 0), (1, 1)]]",40,2000,1.0,0.01,0.01,0.0,1.0,0.0,5,1,1.0,2000,400,0.0,1.0,0.0,1.0,90.927,1.0,0.1,0.05,0.0,0.95,0.0,0.05,0.95
"[[1, 0], [0, 1]]","[[(1, 1), (0, 0)], [(0, 0), (1, 1)]]",40,2000,1.0,0.01,0.01,0.0,1.0,0.0,5,1,1.0,2000,400,0.0,1.0,0.0,1.0,90.935,1.0,0.075,0.0,0.025,0.95,0.025,0.05,0.95
"[[1, 0], [0, 1]]","[[(1, 1), (0, 0)], [(0, 0), (1, 1)]]",40,2000,1.0,0.01,0.01,0.0,1.0,0.0,5,1,1.0,2000,400,0.0,1.0,0.0,1.0,90.784,1.0,0.925,0.025,0.975,0.0,0.0,0.97,0.03
"[[1, 0], [0, 1]]","[[(1, 1), (0, 0)], [(0, 0), (1, 1)]]",40,2000,1.0,0.01,0.01,0.0,1.0,0.0,5,1,1.0,2000,400,0.0,1.0,0.0,1.0,91.101,1.0,0.1,0.075,0.025,0.875,0.025,0.07,0.93
"[[1, 0], [0, 1]]","[[(1, 1), (0, 0)], [(0, 0), (1, 1)]]",40,2000,1.0,0.01,0.01,0.0,1.0,0.0,5,1,1.0,2000,400,0.0,1.0,0.0,1.0,90.936,1.0,0.0,0.0,0.0,1.0,0.0,0.0,1.0
"[[1, 0], [0, 1]]","[[(1, 1), (0, 0)], [(0, 0), (1, 1)]]",40,2000,1.0,0.01,0.01,0.0,1.0,0.0,5,1,1.0,2000,400,0.0,1.0,0.0,1.0,91.05,1.0,0.875,0.0,1.0,0.0,0.0,0.0,1.0
"[[1, 0], [0, 1]]","[[(1, 1), (0, 0)], [(0, 0), (1, 1)]]",40,2000,1.0,0.01,0.01,0.0,1.0,0.0,5,1,1.0,2000,400,0.0,1.0,0.0,1.0,90.829,1.0,0.875,0.0,0.975,0.0,0.025,1.0,0.0
"[[1, 0], [0, 1]]","[[(1, 1), (0, 0)], [(0, 0), (1, 1)]]",40,2000,1.0,0.01,0.01,0.0,1.0,0.0,5,1,1.0,2000,400,0.0,1.0,0.0,1.0,90.816,1.0,0.75,0.025,0.925,0.05,0.0,0.93,0.07
"[[1, 0], [0, 1]]","[[(1, 1), (0, 0)], [(0, 0), (1, 1)]]",40,2000,1.0,0.01,0.01,0.0,0.0,0.25,5,1,1.0,2000,400,0.0,1.0,0.0,1.0,5.894,1.0,0.325,0.0,0.0,0.0,1.0,1.0,0.0
"[[1, 0], [0, 1]]","[[(1, 1), (0, 0)], [(0, 0), (1, 1)]]",40,2000,1.0,0.01,0.01,0.0,0.0,0.25,5,1,1.0,2000,400,0.0,1.0,0.0,1.0,5.947,1.0,0.325,0.0,0.025,0.15,0.825,0.17,0.82
"[[1, 0], [0, 1]]","[[(1, 1), (0, 0)], [(0, 0), (1, 1)]]",40,2000,1.0,0.01,0.01,0.0,0.0,0.25,5,1,1.0,2000,400,0.0,1.0,0.0,1.0,6.129,1.0,0.325,0.0,0.025,0.0,0.975,0.03,0.97
"[[1, 0], [0, 1]]","[[(1, 1), (0, 0)], [(0, 0), (1, 1)]]",40,2000,1.0,0.01,0.01,0.0,0.0,0.25,5,1,1.0,2000,400,0.0,1.0,0.0,1.0,6.09,1.0,0.325,0.0,0.2,0.0,0.8,0.2,0.8
"[[1, 0], [0, 1]]","[[(1, 1), (0, 0)], [(0, 0), (1, 1)]]",40,2000,1.0,0.01,0.01,0.0,0.0,0.25,5,1,1.0,2000,400,0.0,1.0,0.0,1.0,6.185,1.0,0.325,0.0,0.05,0.05,0.9,0.9,0.1
"[[1, 0], [0, 1]]","[[(1, 1), (0, 0)], [(0, 0), (1, 1)]]",40,2000,1.0,0.01,0.01,0.0,0.0,0.25,5,1,1.0,2000,400,0.0,1.0,0.0,1.0,6.39,1.0,0.325,0.0,0.025,0.025,0.95,0.05,0.95
"[[1, 0], [0, 1]]","[[(1, 1), (0, 0)], [(0, 0), (1, 1)]]",40,2000,1.0,0.01,0.01,0.0,0.0,0.25,5,1,1.0,2000,400,0.0,1.0,0.0,1.0,5.884,1.0,0.325,0.025,0.05,0.0,0.925,0.07,0.93
"[[1, 0], [0, 1]]","[[(1, 1), (0, 0)], [(0, 0), (1, 1)]]",40,2000,1.0,0.01,0.01,0.0,0.0,0.25,5,1,1.0,2000,400,0.0,1.0,0.0,1.0,5.848,1.0,0.325,0.025,0.025,0.025,0.925,0.07,0.93
"[[1, 0], [0, 1]]","[[(1, 1), (0, 0)], [(0, 0), (1, 1)]]",40,2000,1.0,0.01,0.01,0.0,0.0,0.25,5,1,1.0,2000,400,0.0,1.0,0.0,1.0,6.017,1.0,0.325,0.0,0.025,0.025,0.95,0.95,0.05
"[[1, 0], [0, 1]]","[[(1, 1), (0, 0)], [(0, 0), (1, 1)]]",40,2000,1.0,0.01,0.01,0.0,0.0,0.25,5,1,1.0,2000,400,0.0,1.0,0.0,1.0,6.137,1.0,0.325,0.0,0.025,0.075,0.9,0.93,0.07
"[[1, 0], [0, 1]]","[[(1, 1), (0, 0)], [(0, 0), (1, 1)]]",40,2000,1.0,0.01,0.01,0.0,0.0,0.25,5,1,1.0,2000,400,0.0,1.0,0.0,1.0,6.027,1.0,0.325,0.0,0.1,0.025,0.875,0.1,0.9
"[[1, 0], [0, 1]]","[[(1, 1), (0, 0)], [(0, 0), (1, 1)]]",40,2000,1.0,0.01,0.01,0.0,0.0,0.25,5,1,1.0,2000,400,0.0,1.0,0.0,1.0,5.686,1.0,0.325,0.0,0.0,0.05,0.95,0.95,0.05
"[[1, 0], [0, 1]]","[[(1, 1), (0, 0)], [(0, 0), (1, 1)]]",40,2000,1.0,0.01,0.01,0.0,0.0,0.25,5,1,1.0,2000,400,0.0,1.0,0.0,1.0,5.933,1.0,0.325,0.0,0.1,0.0,0.9,0.97,0.03
"[[1, 0], [0, 1]]","[[(1, 1), (0, 0)], [(0, 0), (1, 1)]]",40,2000,1.0,0.01,0.01,0.0,0.0,0.25,5,1,1.0,2000,400,0.0,1.0,0.0,1.0,5.842,1.0,0.325,0.0,0.075,0.0,0.925,0.93,0.07
"[[1, 0], [0, 1]]","[[(1, 1), (0, 0)], [(0, 0), (1, 1)]]",40,2000,1.0,0.01,0.01,0.0,0.0,0.25,5,1,1.0,2000,400,0.0,1.0,0.0,1.0,5.853,1.0,0.325,0.025,0.125,0.0,0.85,0.88,0.12
"[[1, 0], [0, 1]]","[[(1, 1), (0, 0)], [(0, 0), (1, 1)]]",40,2000,1.0,0.01,0.01,0.0,0.25,0.25,5,1,1.0,2000,400,0.0,1.0,0.0,1.0,6.116,0.25,0.85,0.075,0.025,0.05,0.85,0.15,0.85
"[[1, 0], [0, 1]]","[[(1, 1), (0, 0)], [(0, 0), (1, 1)]]",40,2000,1.0,0.01,0.01,0.0,0.25,0.25,5,1,1.0,2000,400,0.0,1.0,0.0,1.0,5.996,0.135,0.425,0.0,0.025,0.0,0.975,0.97,0.03
"[[1, 0], [0, 1]]","[[(1, 1), (0, 0)], [(0, 0), (1, 1)]]",40,2000,1.0,0.01,0.01,0.0,0.25,0.25,5,1,1.0,2000,400,0.0,1.0,0.0,1.0,6.017,0.228,0.6,0.0,0.0,0.025,0.975,0.03,0.97
"[[1, 0], [0, 1]]","[[(1, 1), (0, 0)], [(0, 0), (1, 1)]]",40,2000,1.0,0.01,0.01,0.0,0.25,0.25,5,1,1.0,2000,400,0.0,1.0,0.0,1.0,5.907,0.208,0.175,0.05,0.0,0.0,0.95,0.95,0.05
"[[1, 0], [0, 1]]","[[(1, 1), (0, 0)], [(0, 0), (1, 1)]]",40,2000,1.0,0.01,0.01,0.0,0.25,0.25,5,1,1.0,2000,400,0.0,1.0,0.0,1.0,6.216,0.226,0.375,0.05,0.1,0.0,0.85,0.85,0.15
"[[1, 0], [0, 1]]","[[(1, 1), (0, 0)], [(0, 0), (1, 1)]]",40,2000,1.0,0.01,0.01,0.0,0.25,0.25,5,1,1.0,2000,400,0.0,1.0,0.0,1.0,9.913,0.226,0.5,0.025,0.1,0.0,0.875,0.12,0.88
"[[1, 0], [0, 1]]","[[(1, 1), (0, 0)], [(0, 0), (1, 1)]]",40,2000,1.0,0.01,0.01,0.0,0.25,0.25,5,1,1.0,2000,400,0.0,1.0,0.0,1.0,6.145,0.14,0.475,0.0,0.075,0.0,0.925,0.0,1.0
"[[1, 0], [0, 1]]","[[(1, 1), (0, 0)], [(0, 0), (1, 1)]]",40,2000,1.0,0.01,0.01,0.0,0.25,0.25,5,1,1.0,2000,400,0.0,1.0,0.0,1.0,6.414,0.174,0.5,0.025,0.0,0.075,0.9,0.1,0.9
"[[1, 0], [0, 1]]","[[(1, 1), (0, 0)], [(0, 0), (1, 1)]]",40,2000,1.0,0.01,0.01,0.0,0.25,0.25,5,1,1.0,2000,400,0.0,1.0,0.0,1.0,6.121,0.163,0.325,0.025,0.0,0.05,0.925,0.07,0.93
"[[1, 0], [0, 1]]","[[(1, 1), (0, 0)], [(0, 0), (1, 1)]]",40,2000,1.0,0.01,0.01,0.0,0.25,0.25,5,1,1.0,2000,400,0.0,1.0,0.0,1.0,6.165,0.116,0.5,0.025,0.0,0.0,0.975,0.97,0.03
"[[1, 0], [0, 1]]","[[(1, 1), (0, 0)], [(0, 0), (1, 1)]]",40,2000,1.0,0.01,0.01,0.0,0.25,0.25,5,1,1.0,2000,400,0.0,1.0,0.0,1.0,15.8,0.125,0.45,0.025,0.05,0.0,0.925,0.93,0.07
"[[1, 0], [0, 1]]","[[(1, 1), (0, 0)], [(0, 0), (1, 1)]]",40,2000,1.0,0.01,0.01,0.0,0.25,0.25,5,1,1.0,2000,400,0.0,1.0,0.0,1.0,5.688,0.151,0.55,0.0,0.0,0.0,1.0,0.0,1.0
"[[1, 0], [0, 1]]","[[(1, 1), (0, 0)], [(0, 0), (1, 1)]]",40,2000,1.0,0.01,0.01,0.0,0.25,0.25,5,1,1.0,2000,400,0.0,1.0,0.0,1.0,11.802,0.125,0.4,0.025,0.0,0.0,0.975,0.03,0.97
"[[1, 0], [0, 1]]","[[(1, 1), (0, 0)], [(0, 0), (1, 1)]]",40,2000,1.0,0.01,0.01,0.0,0.25,0.25,5,1,1.0,2000,400,0.0,1.0,0.0,1.0,24.22,0.133,0.575,0.0,0.05,0.0,0.95,0.95,0.05
"[[1, 0], [0, 1]]","[[(1, 1), (0, 0)], [(0, 0), (1, 1)]]",40,2000,1.0,0.01,0.01,0.0,0.25,0.25,5,1,1.0,2000,400,0.0,1.0,0.0,1.0,29.492,0.14,0.25,0.075,0.075,0.0,0.85,0.85,0.15
"[[1, 0], [0, 1]]","[[(1, 1), (0, 0)], [(0, 0), (1, 1)]]",40,2000,1.0,0.01,0.01,0.0,0.5,0.25,5,1,1.0,2000,400,0.0,1.0,0.0,1.0,5.778,0.148,0.45,0.0,0.0,0.0,1.0,0.0,1.0
"[[1, 0], [0, 1]]","[[(1, 1), (0, 0)], [(0, 0), (1, 1)]]",40,2000,1.0,0.01,0.01,0.0,0.5,0.25,5,1,1.0,2000,400,0.0,1.0,0.0,1.0,6.023,0.165,0.525,0.0,0.075,0.0,0.925,0.93,0.07
"[[1, 0], [0, 1]]","[[(1, 1), (0, 0)], [(0, 0), (1, 1)]]",40,2000,1.0,0.01,0.01,0.0,0.5,0.25,5,1,1.0,2000,400,0.0,1.0,0.0,1.0,5.973,0.176,0.6,0.025,0.1,0.0,0.875,0.88,0.12
"[[1, 0], [0, 1]]","[[(1, 1), (0, 0)], [(0, 0), (1, 1)]]",40,2000,1.0,0.01,0.01,0.0,0.5,0.25,5,1,1.0,2000,400,0.0,1.0,0.0,1.0,6.457,0.163,0.2,0.0,0.025,0.075,0.9,0.1,0.9
"[[1, 0], [0, 1]]","[[(1, 1), (0, 0)], [(0, 0), (1, 1)]]",40,2000,1.0,0.01,0.01,0.0,0.5,0.25,5,1,1.0,2000,400,0.0,1.0,0.0,1.0,5.739,0.138,0.55,0.0,0.025,0.0,0.975,0.97,0.03
"[[1, 0], [0, 1]]","[[(1, 1), (0, 0)], [(0, 0), (1, 1)]]",40,2000,1.0,0.01,0.01,0.0,0.5,0.25,5,1,1.0,2000,400,0.0,1.0,0.0,1.0,6.027,0.175,0.4,0.025,0.025,0.0,0.95,0.95,0.05
"[[1, 0], [0, 1]]","[[(1, 1), (0, 0)], [(0, 0), (1, 1)]]",40,2000,1.0,0.01,0.01,0.0,0.5,0.25,5,1,1.0,2000,400,0.0,1.0,0.0,1.0,18.671,0.163,0.3,0.0,0.05,0.0,0.95,0.95,0.05
"[[1, 0], [0, 1]]","[[(1, 1), (0, 0)], [(0, 0), (1, 1)]]",40,2000,1.0,0.01,0.01,0.0,0.5,0.25,5,1,1.0,2000,400,0.0,1.0,0.0,1.0,24.905,0.128,0.575,0.0,0.2,0.0,0.8,0.8,0.2
"[[1, 0], [0, 1]]","[[(1, 1), (0, 0)], [(0, 0), (1, 1)]]",40,2000,1.0,0.01,0.01,0.0,0.5,0.25,5,1,1.0,2000,400,0.0,1.0,0.0,1.0,23.655,0.424,0.8,0.05,0.925,0.0,0.025,0.05,0.95
"[[1, 0], [0, 1]]","[[(1, 1), (0, 0)], [(0, 0), (1, 1)]]",40,2000,1.0,0.01,0.01,0.0,0.5,0.25,5,1,1.0,2000,400,0.0,1.0,0.0,1.0,36.192,0.296,0.475,0.025,0.0,0.0,0.975,0.03,0.97
"[[1, 0], [0, 1]]","[[(1, 1), (0, 0)], [(0, 0), (1, 1)]]",40,2000,1.0,0.01,0.01,0.0,0.5,0.25,5,1,1.0,2000,400,0.0,1.0,0.0,1.0,32.518,0.454,0.825,0.025,0.925,0.0,0.05,0.07,0.93
"[[1, 0], [0, 1]]","[[(1, 1), (0, 0)], [(0, 0), (1, 1)]]",40,2000,1.0,0.01,0.01,0.0,0.5,0.25,5,1,1.0,2000,400,0.0,1.0,0.0,1.0,36.212,0.151,0.45,0.025,0.0,0.0,0.975,0.03,0.97
"[[1, 0], [0, 1]]","[[(1, 1), (0, 0)], [(0, 0), (1, 1)]]",40,2000,1.0,0.01,0.01,0.0,0.5,0.25,5,1,1.0,2000,400,0.0,1.0,0.0,1.0,38.935,0.247,0.425,0.05,0.0,0.025,0.925,0.07,0.93
"[[1, 0], [0, 1]]","[[(1, 1), (0, 0)], [(0, 0), (1, 1)]]",40,2000,1.0,0.01,0.01,0.0,0.5,0.25,5,1,1.0,2000,400,0.0,1.0,0.0,1.0,51.812,0.125,0.5,0.0,0.025,0.0,0.975,0.97,0.03
"[[1, 0], [0, 1]]","[[(1, 1), (0, 0)], [(0, 0), (1, 1)]]",40,2000,1.0,0.01,0.01,0.0,0.5,0.25,5,1,1.0,2000,400,0.0,1.0,0.0,1.0,68.081,0.469,0.85,0.025,0.95,0.0,0.025,0.05,0.95
"[[1, 0], [0, 1]]","[[(1, 1), (0, 0)], [(0, 0), (1, 1)]]",40,2000,1.0,0.01,0.01,0.0,0.75,0.25,5,1,1.0,2000,400,0.0,1.0,0.0,1.0,6.223,0.296,0.35,0.025,0.0,0.0,0.975,0.97,0.03
"[[1, 0], [0, 1]]","[[(1, 1), (0, 0)], [(0, 0), (1, 1)]]",40,2000,1.0,0.01,0.01,0.0,0.75,0.25,5,1,1.0,2000,400,0.0,1.0,0.0,1.0,6.548,0.14,0.4,0.0,0.0,0.075,0.925,0.07,0.93
"[[1, 0], [0, 1]]","[[(1, 1), (0, 0)], [(0, 0), (1, 1)]]",40,2000,1.0,0.01,0.01,0.0,0.75,0.25,5,1,1.0,2000,400,0.0,1.0,0.0,1.0,6.303,0.201,0.35,0.0,0.025,0.075,0.9,0.1,0.9
"[[1, 0], [0, 1]]","[[(1, 1), (0, 0)], [(0, 0), (1, 1)]]",40,2000,1.0,0.01,0.01,0.0,0.75,0.25,5,1,1.0,2000,400,0.0,1.0,0.0,1.0,8.81,0.185,0.6,0.05,0.05,0.0,0.9,0.9,0.1
"[[1, 0], [0, 1]]","[[(1, 1), (0, 0)], [(0, 0), (1, 1)]]",40,2000,1.0,0.01,0.01,0.0,0.75,0.25,5,1,1.0,2000,400,0.0,1.0,0.0,1.0,23.613,0.175,0.5,0.0,0.0,0.025,0.975,0.03,0.97
"[[1, 0], [0, 1]]","[[(1, 1), (0, 0)], [(0, 0), (1, 1)]]",40,2000,1.0,0.01,0.01,0.0,0.75,0.25,5,1,1.0,2000,400,0.0,1.0,0.0,1.0,18.345,0.542,0.15,0.125,0.0,0.85,0.025,0.85,0.15
"[[1, 0], [0, 1]]","[[(1, 1), (0, 0)], [(0, 0), (1, 1)]]",40,2000,1.0,0.01,0.01,0.0,0.75,0.25,5,1,1.0,2000,400,0.0,1.0,0.0,1.0,23.542,0.54,0.85,0.025,0.975,0.0,0.0,0.03,0.97
"[[1, 0], [0, 1]]","[[(1, 1), (0, 0)], [(0, 0), (1, 1)]]",40,2000,1.0,0.01,0.01,0.0,0.75,0.25,5,1,1.0,2000,400,0.0,1.0,0.0,1.0,35.432,0.263,0.325,0.025,0.0,0.325,0.65,0.97,0.03
"[[1, 0], [0, 1]]","[[(1, 1), (0, 0)], [(0, 0), (1, 1)]]",40,2000,1.0,0.01,0.01,0.0,0.75,0.25,5,1,1.0,2000,400,0.0,1.0,0.0,1.0,38.99,0.496,0.275,0.075,0.025,0.875,0.025,0.85,0.15
"[[1, 0], [0, 1]]","[[(1, 1), (0, 0)], [(0, 0), (1, 1)]]",40,2000,1.0,0.01,0.01,0.0,0.75,0.25,5,1,1.0,2000,400,0.0,1.0,0.0,1.0,24.928,0.166,0.575,0.0,0.0,0.025,0.975,0.97,0.03
"[[1, 0], [0, 1]]","[[(1, 1), (0, 0)], [(0, 0), (1, 1)]]",40,2000,1.0,0.01,0.01,0.0,0.75,0.25,5,1,1.0,2000,400,0.0,1.0,0.0,1.0,25.107,0.179,0.3,0.0,0.075,0.025,0.9,0.1,0.9
"[[1, 0], [0, 1]]","[[(1, 1), (0, 0)], [(0, 0), (1, 1)]]",40,2000,1.0,0.01,0.01,0.0,0.75,0.25,5,1,1.0,2000,400,0.0,1.0,0.0,1.0,60.269,0.552,0.275,0.0,0.0,1.0,0.0,1.0,0.0
"[[1, 0], [0, 1]]","[[(1, 1), (0, 0)], [(0, 0), (1, 1)]]",40,2000,1.0,0.01,0.01,0.0,0.75,0.25,5,1,1.0,2000,400,0.0,1.0,0.0,1.0,68.056,0.535,0.8,0.0,1.0,0.0,0.0,0.0,1.0
"[[1, 0], [0, 1]]","[[(1, 1), (0, 0)], [(0, 0), (1, 1)]]",40,2000,1.0,0.01,0.01,0.0,0.75,0.25,5,1,1.0,2000,400,0.0,1.0,0.0,1.0,68.793,0.389,0.7,0.1,0.875,0.0,0.025,0.12,0.88
"[[1, 0], [0, 1]]","[[(1, 1), (0, 0)], [(0, 0), (1, 1)]]",40,2000,1.0,0.01,0.01,0.0,0.75,0.25,5,1,1.0,2000,400,0.0,1.0,0.0,1.0,68.864,0.575,0.425,0.025,0.05,0.675,0.25,0.68,0.33
"[[1, 0], [0, 1]]","[[(1, 1), (0, 0)], [(0, 0), (1, 1)]]",40,2000,1.0,0.01,0.01,0.0,1.0,0.25,5,1,1.0,2000,400,0.0,1.0,0.0,1.0,90.836,1.0,0.9,0.125,0.875,0.0,0.0,0.88,0.12
"[[1, 0], [0, 1]]","[[(1, 1), (0, 0)], [(0, 0), (1, 1)]]",40,2000,1.0,0.01,0.01,0.0,1.0,0.25,5,1,1.0,2000,400,0.0,1.0,0.0,1.0,90.961,1.0,0.9,0.0,0.975,0.0,0.025,0.97,0.03
"[[1, 0], [0, 1]]","[[(1, 1), (0, 0)], [(0, 0), (1, 1)]]",40,2000,1.0,0.01,0.01,0.0,1.0,0.25,5,1,1.0,2000,400,0.0,1.0,0.0,1.0,90.848,1.0,0.05,0.0,0.0,1.0,0.0,1.0,0.0
"[[1, 0], [0, 1]]","[[(1, 1), (0, 0)], [(0, 0), (1, 1)]]",40,2000,1.0,0.01,0.01,0.0,1.0,0.25,5,1,1.0,2000,400,0.0,1.0,0.0,1.0,90.755,1.0,0.925,0.025,0.925,0.025,0.025,0.07,0.93
"[[1, 0], [0, 1]]","[[(1, 1), (0, 0)], [(0, 0), (1, 1)]]",40,2000,1.0,0.01,0.01,0.0,1.0,0.25,5,1,1.0,2000,400,0.0,1.0,0.0,1.0,91.123,1.0,0.95,0.025,0.925,0.025,0.025,0.93,0.07
"[[1, 0], [0, 1]]","[[(1, 1), (0, 0)], [(0, 0), (1, 1)]]",40,2000,1.0,0.01,0.01,0.0,1.0,0.25,5,1,1.0,2000,400,0.0,1.0,0.0,1.0,90.704,1.0,0.85,0.0,0.9,0.075,0.025,0.9,0.1
"[[1, 0], [0, 1]]","[[(1, 1), (0, 0)], [(0, 0), (1, 1)]]",40,2000,1.0,0.01,0.01,0.0,1.0,0.25,5,1,1.0,2000,400,0.0,1.0,0.0,1.0,90.886,1.0,0.9,0.15,0.825,0.025,0.0,0.17,0.82
"[[1, 0], [0, 1]]","[[(1, 1), (0, 0)], [(0, 0), (1, 1)]]",40,2000,1.0,0.01,0.01,0.0,1.0,0.25,5,1,1.0,2000,400,0.0,1.0,0.0,1.0,90.836,1.0,0.2,0.075,0.025,0.875,0.025,0.9,0.1
"[[1, 0], [0, 1]]","[[(1, 1), (0, 0)], [(0, 0), (1, 1)]]",40,2000,1.0,0.01,0.01,0.0,1.0,0.25,5,1,1.0,2000,400,0.0,1.0,0.0,1.0,90.699,1.0,0.925,0.025,0.95,0.025,0.0,0.05,0.95
"[[1, 0], [0, 1]]","[[(1, 1), (0, 0)], [(0, 0), (1, 1)]]",40,2000,1.0,0.01,0.01,0.0,1.0,0.25,5,1,1.0,2000,400,0.0,1.0,0.0,1.0,90.909,1.0,0.15,0.05,0.0,0.9,0.05,0.9,0.1
"[[1, 0], [0, 1]]","[[(1, 1), (0, 0)], [(0, 0), (1, 1)]]",40,2000,1.0,0.01,0.01,0.0,1.0,0.25,5,1,1.0,2000,400,0.0,1.0,0.0,1.0,90.935,1.0,0.05,0.0,0.025,0.975,0.0,0.03,0.97
"[[1, 0], [0, 1]]","[[(1, 1), (0, 0)], [(0, 0), (1, 1)]]",40,2000,1.0,0.01,0.01,0.0,1.0,0.25,5,1,1.0,2000,400,0.0,1.0,0.0,1.0,90.772,1.0,0.025,0.05,0.0,0.95,0.0,0.95,0.05
"[[1, 0], [0, 1]]","[[(1, 1), (0, 0)], [(0, 0), (1, 1)]]",40,2000,1.0,0.01,0.01,0.0,1.0,0.25,5,1,1.0,2000,400,0.0,1.0,0.0,1.0,90.717,1.0,0.075,0.0,0.025,0.975,0.0,0.97,0.03
"[[1, 0], [0, 1]]","[[(1, 1), (0, 0)], [(0, 0), (1, 1)]]",40,2000,1.0,0.01,0.01,0.0,1.0,0.25,5,1,1.0,2000,400,0.0,1.0,0.0,1.0,90.934,1.0,0.9,0.025,0.925,0.025,0.025,0.93,0.07
"[[1, 0], [0, 1]]","[[(1, 1), (0, 0)], [(0, 0), (1, 1)]]",40,2000,1.0,0.01,0.01,0.0,1.0,0.25,5,1,1.0,2000,400,0.0,1.0,0.0,1.0,90.888,1.0,0.0,0.0,0.0,1.0,0.0,0.0,1.0
"[[1, 0], [0, 1]]","[[(1, 1), (0, 0)], [(0, 0), (1, 1)]]",40,2000,1.0,0.01,0.01,0.0,0.0,0.5,5,1,1.0,2000,400,0.0,1.0,0.0,1.0,5.863,1.0,0.55,0.0,0.025,0.0,0.975,0.97,0.03
"[[1, 0], [0, 1]]","[[(1, 1), (0, 0)], [(0, 0), (1, 1)]]",40,2000,1.0,0.01,0.01,0.0,0.0,0.5,5,1,1.0,2000,400,0.0,1.0,0.0,1.0,6.22,1.0,0.55,0.0,0.025,0.025,0.95,0.05,0.95
"[[1, 0], [0, 1]]","[[(1, 1), (0, 0)], [(0, 0), (1, 1)]]",40,2000,1.0,0.01,0.01,0.0,0.0,0.5,5,1,1.0,2000,400,0.0,1.0,0.0,1.0,5.955,1.0,0.55,0.0,0.0,0.025,0.975,0.03,0.97
"[[1, 0], [0, 1]]","[[(1, 1), (0, 0)], [(0, 0), (1, 1)]]",40,2000,1.0,0.01,0.01,0.0,0.0,0.5,5,1,1.0,2000,400,0.0,1.0,0.0,1.0,5.955,1.0,0.55,0.025,0.0,0.0,0.975,0.97,0.03
"[[1, 0], [0, 1]]","[[(1, 1), (0, 0)], [(0, 0), (1, 1)]]",40,2000,1.0,0.01,0.01,0.0,0.0,0.5,5,1,1.0,2000,400,0.0,1.0,0.0,1.0,6.196,1.0,0.55,0.0,0.025,0.025,0.95,0.05,0.95
"[[1, 0], [0, 1]]","[[(1, 1), (0, 0)], [(0, 0), (1, 1)]]",40,2000,1.0,0.01,0.01,0.0,0.0,0.5,5,1,1.0,2000,400,0.0,1.0,0.0,1.0,6.284,1.0,0.55,0.0,0.075,0.0,0.925,0.07,0.93
"[[1, 0], [0, 1]]","[[(1, 1), (0, 0)], [(0, 0), (1, 1)]]",40,2000,1.0,0.01,0.01,0.0,0.0,0.5,5,1,1.0,2000,400,0.0,1.0,0.0,1.0,5.824,1.0,0.55,0.0,0.025,0.05,0.925,0.07,0.93
"[[1, 0], [0, 1]]","[[(1, 1), (0, 0)], [(0, 0), (1, 1)]]",40,2000,1.0,0.01,0.01,0.0,0.0,0.5,5,1,1.0,2000,400,0.0,1.0,0.0,1.0,6.175,1.0,0.55,0.025,0.05,0.025,0.9,0.9,0.1
"[[1, 0], [0, 1]]","[[(1, 1), (0, 0)], [(0, 0), (1, 1)]]",40,2000,1.0,0.01,0.01,0.0,0.0,0.5,5,1,1.0,2000,400,0.0,1.0,0.0,1.0,6.393,1.0,0.55,0.0,0.125,0.0,0.875,0.12,0.88
"[[1, 0], [0, 1]]","[[(1, 1), (0, 0)], [(0, 0), (1, 1)]]",40,2000,1.0,0.01,0.01,0.0,0.0,0.5,5,1,1.0,2000,400,0.0,1.0,0.0,1.0,5.821,1.0,0.55,0.0,0.0,0.1,0.9,0.9,0.1
"[[1, 0], [0, 1]]","[[(1, 1), (0, 0)], [(0, 0), (1, 1)]]",40,2000,1.0,0.01,0.01,0.0,0.0,0.5,5,1,1.0,2000,400,0.0,1.0,0.0,1.0,6.13,1.0,0.55,0.025,0.025,0.05,0.9,0.1,0.9
"[[1, 0], [0, 1]]","[[(1, 1), (0, 0)], [(0, 0), (1, 1)]]",40,2000,1.0,0.01,0.01,0.0,0.0,0.5,5,1,1.0,2000,400,0.0,1.0,0.0,1.0,5.774,1.0,0.55,0.05,0.0,0.0,0.95,0.95,0.05
"[[1, 0], [0, 1]]","[[(1, 1), (0, 0)], [(0, 0), (1, 1)]]",40,2000,1.0,0.01,0.01,0.0,0.0,0.5,5,1,1.0,2000,400,0.0,1.0,0.0,1.0,5.887,1.0,0.55,0.025,0.15,0.05,0.775,0.2,0.8
"[[1, 0], [0, 1]]","[[(1, 1), (0, 0)], [(0, 0), (1, 1)]]",40,2000,1.0,0.01,0.01,0.0,0.0,0.5,5,1,1.0,2000,400,0.0,1.0,0.0,1.0,6.393,1.0,0.55,0.0,0.025,0.075,0.9,0.9,0.1
"[[1, 0], [0, 1]]","[[(1, 1), (0, 0)], [(0, 0), (1, 1)]]",40,2000,1.0,0.01,0.01,0.0,0.0,0.5,5,1,1.0,2000,400,0.0,1.0,0.0,1.0,5.92,1.0,0.55,0.0,0.0,0.0,1.0,1.0,0.0
"[[1, 0], [0, 1]]","[[(1, 1), (0, 0)], [(0, 0), (1, 1)]]",40,2000,1.0,0.01,0.01,0.0,0.25,0.5,5,1,1.0,2000,400,0.0,1.0,0.0,1.0,5.433,0.22,0.2,0.0,0.1,0.05,0.85,0.85,0.15
"[[1, 0], [0, 1]]","[[(1, 1), (0, 0)], [(0, 0), (1, 1)]]",40,2000,1.0,0.01,0.01,0.0,0.25,0.5,5,1,1.0,2000,400,0.0,1.0,0.0,1.0,5.728,0.189,0.225,0.0,0.05,0.025,0.925,0.07,0.93
"[[1, 0], [0, 1]]","[[(1, 1), (0, 0)], [(0, 0), (1, 1)]]",40,2000,1.0,0.01,0.01,0.0,0.25,0.5,5,1,1.0,2000,400,0.0,1.0,0.0,1.0,6.013,0.199,0.275,0.0,0.075,0.025,0.9,0.9,0.1
"[[1, 0], [0, 1]]","[[(1, 1), (0, 0)], [(0, 0), (1, 1)]]",40,2000,1.0,0.01,0.01,0.0,0.25,0.5,5,1,1.0,2000,400,0.0,1.0,0.0,1.0,6.078,0.115,0.575,0.0,0.025,0.0,0.975,0.03,0.97
"[[1, 0], [0, 1]]","[[(1, 1), (0, 0)], [(0, 0), (1, 1)]]",40,2000,1.0,0.01,0.01,0.0,0.25,0.5,5,1,1.0,2000,400,0.0,1.0,0.0,1.0,6.097,0.13,0.45,0.025,0.025,0.0,0.95,0.97,0.03
"[[1, 0], [0, 1]]","[[(1, 1), (0, 0)], [(0, 0), (1, 1)]]",40,2000,1.0,0.01,0.01,0.0,0.25,0.5,5,1,1.0,2000,400,0.0,1.0,0.0,1.0,5.709,0.318,0.6,0.0,0.15,0.3,0.55,0.35,0.65
"[[1, 0], [0, 1]]","[[(1, 1), (0, 0)], [(0, 0), (1, 1)]]",40,2000,1.0,0.01,0.01,0.0,0.25,0.5,5,1,1.0,2000,400,0.0,1.0,0.0,1.0,6.131,0.166,0.4,0.0,0.0,0.125,0.875,0.9,0.1
"[[1, 0], [0, 1]]","[[(1, 1), (0, 0)], [(0, 0), (1, 1)]]",40,2000,1.0,0.01,0.01,0.0,0.25,0.5,5,1,1.0,2000,400,0.0,1.0,0.0,1.0,6.118,0.244,0.725,0.1,0.025,0.025,0.85,0.12,0.88
"[[1, 0], [0, 1]]","[[(1, 1), (0, 0)], [(0, 0), (1, 1)]]",40,2000,1.0,0.01,0.01,0.0,0.25,0.5,5,1,1.0,2000,400,0.0,1.0,0.0,1.0,6.009,0.146,0.6,0.0,0.0,0.0,1.0,0.0,1.0
"[[1, 0], [0, 1]]","[[(1, 1), (0, 0)], [(0, 0), (1, 1)]]",40,2000,1.0,0.01,0.01,0.0,0.25,0.5,5,1,1.0,2000,400,0.0,1.0,0.0,1.0,5.862,0.113,0.325,0.0,0.0,0.025,0.975,0.03,0.97
"[[1, 0], [0, 1]]","[[(1, 1), (0, 0)], [(0, 0), (1, 1)]]",40,2000,1.0,0.01,0.01,0.0,0.25,0.5,5,1,1.0,2000,400,0.0,1.0,0.0,1.0,19.009,0.199,0.55,0.0,0.0,0.175,0.825,0.17,0.82
"[[1, 0], [0, 1]]","[[(1, 1), (0, 0)], [(0, 0), (1, 1)]]",40,2000,1.0,0.01,0.01,0.0,0.25,0.5,5,1,1.0,2000,400,0.0,1.0,0.0,1.0,38.632,0.123,0.4,0.0,0.0,0.0,1.0,1.0,0.0
"[[1, 0], [0, 1]]","[[(1, 1), (0, 0)], [(0, 0), (1, 1)]]",40,2000,1.0,0.01,0.01,0.0,0.25,0.5,5,1,1.0,2000,400,0.0,1.0,0.0,1.0,67.147,0.542,0.925,0.025,0.9,0.075,0.0,0.1,0.9
"[[1, 0], [0, 1]]","[[(1, 1), (0, 0)], [(0, 0), (1, 1)]]",40,2000,1.0,0.01,0.01,0.0,0.25,0.5,5,1,1.0,2000,400,0.0,1.0,0.0,1.0,72.427,0.603,0.075,0.0,0.0,0.975,0.025,0.97,0.03
"[[1, 0], [0, 1]]","[[(1, 1), (0, 0)], [(0, 0), (1, 1)]]",40,2000,1.0,0.01,0.01,0.0,0.25,0.5,5,1,1.0,2000,400,0.0,1.0,0.0,1.0,71.427,0.497,0.875,0.35,0.575,0.05,0.025,0.07,0.93
"[[1, 0], [0, 1]]","[[(1, 1), (0, 0)], [(0, 0), (1, 1)]]",40,2000,1.0,0.01,0.01,0.0,0.5,0.5,5,1,1.0,2000,400,0.0,1.0,0.0,1.0,6.011,0.152,0.3,0.0,0.025,0.0,0.975,0.03,0.97
"[[1, 0], [0, 1]]","[[(1, 1), (0, 0)], [(0, 0), (1, 1)]]",40,2000,1.0,0.01,0.01,0.0,0.5,0.5,5,1,1.0,2000,400,0.0,1.0,0.0,1.0,6.002,0.16,0.225,0.0,0.0,0.025,0.975,0.97,0.03
"[[1, 0], [0, 1]]","[[(1, 1), (0, 0)], [(0, 0), (1, 1)]]",40,2000,1.0,0.01,0.01,0.0,0.5,0.5,5,1,1.0,2000,400,0.0,1.0,0.0,1.0,5.944,0.148,0.525,0.0,0.0,0.025,0.975,0.97,0.03
"[[1, 0], [0, 1]]","[[(1, 1), (0, 0)], [(0, 0), (1, 1)]]",40,2000,1.0,0.01,0.01,0.0,0.5,0.5,5,1,1.0,2000,400,0.0,1.0,0.0,1.0,6.557,0.155,0.55,0.0,0.025,0.15,0.825,0.82,0.17
"[[1, 0], [0, 1]]","[[(1, 1), (0, 0)], [(0, 0), (1, 1)]]",40,2000,1.0,0.01,0.01,0.0,0.5,0.5,5,1,1.0,2000,400,0.0,1.0,0.0,1.0,40.29,0.589,0.8,0.025,0.95,0.025,0.0,0.05,0.95
"[[1, 0], [0, 1]]","[[(1, 1), (0, 0)], [(0, 0), (1, 1)]]",40,2000,1.0,0.01,0.01,0.0,0.5,0.5,5,1,1.0,2000,400,0.0,1.0,0.0,1.0,38.784,0.586,0.1,0.0,0.0,0.975,0.025,0.97,0.03
"[[1, 0], [0, 1]]","[[(1, 1), (0, 0)], [(0, 0), (1, 1)]]",40,2000,1.0,0.01,0.01,0.0,0.5,0.5,5,1,1.0,2000,400,0.0,1.0,0.0,1.0,54.068,0.685,0.05,0.0,0.0,0.975,0.025,0.97,0.03
"[[1, 0], [0, 1]]","[[(1, 1), (0, 0)], [(0, 0), (1, 1)]]",40,2000,1.0,0.01,0.01,0.0,0.5,0.5,5,1,1.0,2000,400,0.0,1.0,0.0,1.0,52.967,0.174,0.25,0.0,0.125,0.025,0.85,0.15,0.85
"[[1, 0], [0, 1]]","[[(1, 1), (0, 0)], [(0, 0), (1, 1)]]",40,2000,1.0,0.01,0.01,0.0,0.5,0.5,5,1,1.0,2000,400,0.0,1.0,0.0,1.0,64.033,0.64,0.925,0.05,0.95,0.0,0.0,0.05,0.95
"[[1, 0], [0, 1]]","[[(1, 1), (0, 0)], [(0, 0), (1, 1)]]",40,2000,1.0,0.01,0.01,0.0,0.5,0.5,5,1,1.0,2000,400,0.0,1.0,0.0,1.0,67.764,0.645,0.05,0.325,0.025,0.65,0.0,0.97,0.03
"[[1, 0], [0, 1]]","[[(1, 1), (0, 0)], [(0, 0), (1, 1)]]",40,2000,1.0,0.01,0.01,0.0,0.5,0.5,5,1,1.0,2000,400,0.0,1.0,0.0,1.0,79.186,0.709,0.925,0.0,0.95,0.0,0.05,0.05,0.95
"[[1, 0], [0, 1]]","[[(1, 1), (0, 0)], [(0, 0), (1, 1)]]",40,2000,1.0,0.01,0.01,0.0,0.5,0.5,5,1,1.0,2000,400,0.0,1.0,0.0,1.0,78.872,0.653,0.85,0.025,0.925,0.0,0.05,0.07,0.93
"[[1, 0], [0, 1]]","[[(1, 1), (0, 0)], [(0, 0), (1, 1)]]",40,2000,1.0,0.01,0.01,0.0,0.5,0.5,5,1,1.0,2000,400,0.0,1.0,0.0,1.0,78.864,0.634,0.125,0.05,0.025,0.9,0.025,0.9,0.1
"[[1, 0], [0, 1]]","[[(1, 1), (0, 0)], [(0, 0), (1, 1)]]",40,2000,1.0,0.01,0.01,0.0,0.5,0.5,5,1,1.0,2000,400,0.0,1.0,0.0,1.0,79.167,0.656,0.05,0.0,0.0,1.0,0.0,1.0,0.0
"[[1, 0], [0, 1]]","[[(1, 1), (0, 0)], [(0, 0), (1, 1)]]",40,2000,1.0,0.01,0.01,0.0,0.5,0.5,5,1,1.0,2000,400,0.0,1.0,0.0,1.0,79.396,0.671,0.875,0.05,0.925,0.025,0.0,0.07,0.93
"[[1, 0], [0, 1]]","[[(1, 1), (0, 0)], [(0, 0), (1, 1)]]",40,2000,1.0,0.01,0.01,0.0,0.75,0.5,5,1,1.0,2000,400,0.0,1.0,0.0,1.0,18.403,0.729,0.15,0.0,0.0,0.975,0.025,0.97,0.03
"[[1, 0], [0, 1]]","[[(1, 1), (0, 0)], [(0, 0), (1, 1)]]",40,2000,1.0,0.01,0.01,0.0,0.75,0.5,5,1,1.0,2000,400,0.0,1.0,0.0,1.0,28.189,0.713,0.8,0.125,0.85,0.025,0.0,0.15,0.85
"[[1, 0], [0, 1]]","[[(1, 1), (0, 0)], [(0, 0), (1, 1)]]",40,2000,1.0,0.01,0.01,0.0,0.75,0.5,5,1,1.0,2000,400,0.0,1.0,0.0,1.0,51.417,0.724,0.15,0.0,0.0,1.0,0.0,1.0,0.0
"[[1, 0], [0, 1]]","[[(1, 1), (0, 0)], [(0, 0), (1, 1)]]",40,2000,1.0,0.01,0.01,0.0,0.75,0.5,5,1,1.0,2000,400,0.0,1.0,0.0,1.0,52.985,0.651,0.825,0.125,0.85,0.025,0.0,0.15,0.85
"[[1, 0], [0, 1]]","[[(1, 1), (0, 0)], [(0, 0), (1, 1)]]",40,2000,1.0,0.01,0.01,0.0,0.75,0.5,5,1,1.0,2000,400,0.0,1.0,0.0,1.0,76.017,0.768,0.9,0.0,1.0,0.0,0.0,0.0,1.0
"[[1, 0], [0, 1]]","[[(1, 1), (0, 0)], [(0, 0), (1, 1)]]",40,2000,1.0,0.01,0.01,0.0,0.75,0.5,5,1,1.0,2000,400,0.0,1.0,0.0,1.0,79.647,0.735,0.15,0.0,0.0,0.975,0.025,1.0,0.0
"[[1, 0], [0, 1]]","[[(1, 1), (0, 0)], [(0, 0), (1, 1)]]",40,2000,1.0,0.01,0.01,0.0,0.75,0.5,5,1,1.0,2000,400,0.0,1.0,0.0,1.0,80.003,0.792,0.075,0.0,0.0,1.0,0.0,1.0,0.0
"[[1, 0], [0, 1]]","[[(1, 1), (0, 0)], [(0, 0), (1, 1)]]",40,2000,1.0,0.01,0.01,0.0,0.75,0.5,5,1,1.0,2000,400,0.0,1.0,0.0,1.0,80.087,0.764,0.15,0.0,0.0,0.95,0.05,0.95,0.05
"[[1, 0], [0, 1]]","[[(1, 1), (0, 0)], [(0, 0), (1, 1)]]",40,2000,1.0,0.01,0.01,0.0,0.75,0.5,5,1,1.0,2000,400,0.0,1.0,0.0,1.0,78.448,0.721,0.125,0.0,0.0,1.0,0.0,1.0,0.0
"[[1, 0], [0, 1]]","[[(1, 1), (0, 0)], [(0, 0), (1, 1)]]",40,2000,1.0,0.01,0.01,0.0,0.75,0.5,5,1,1.0,2000,400,0.0,1.0,0.0,1.0,67.995,0.626,0.2,0.025,0.025,0.95,0.0,0.95,0.05
"[[1, 0], [0, 1]]","[[(1, 1), (0, 0)], [(0, 0), (1, 1)]]",40,2000,1.0,0.01,0.01,0.0,0.75,0.5,5,1,1.0,2000,400,0.0,1.0,0.0,1.0,80.068,0.754,0.2,0.025,0.025,0.95,0.0,0.95,0.05
"[[1, 0], [0, 1]]","[[(1, 1), (0, 0)], [(0, 0), (1, 1)]]",40,2000,1.0,0.01,0.01,0.0,0.75,0.5,5,1,1.0,2000,400,0.0,1.0,0.0,1.0,79.975,0.715,0.825,0.0,0.925,0.05,0.025,0.05,0.95
"[[1, 0], [0, 1]]","[[(1, 1), (0, 0)], [(0, 0), (1, 1)]]",40,2000,1.0,0.01,0.01,0.0,0.75,0.5,5,1,1.0,2000,400,0.0,1.0,0.0,1.0,79.583,0.774,0.825,0.075,0.9,0.025,0.0,0.1,0.9
"[[1, 0], [0, 1]]","[[(1, 1), (0, 0)], [(0, 0), (1, 1)]]",40,2000,1.0,0.01,0.01,0.0,0.75,0.5,5,1,1.0,2000,400,0.0,1.0,0.0,1.0,79.794,0.76,0.075,0.05,0.0,0.95,0.0,0.95,0.05
"[[1, 0], [0, 1]]","[[(1, 1), (0, 0)], [(0, 0), (1, 1)]]",40,2000,1.0,0.01,0.01,0.0,0.75,0.5,5,1,1.0,2000,400,0.0,1.0,0.0,1.0,79.856,0.758,0.9,0.025,0.95,0.025,0.0,0.05,0.95
"[[1, 0], [0, 1]]","[[(1, 1), (0, 0)], [(0, 0), (1, 1)]]",40,2000,1.0,0.01,0.01,0.0,1.0,0.5,5,1,1.0,2000,400,0.0,1.0,0.0,1.0,90.873,1.0,0.95,0.025,0.95,0.025,0.0,0.95,0.05
"[[1, 0], [0, 1]]","[[(1, 1), (0, 0)], [(0, 0), (1, 1)]]",40,2000,1.0,0.01,0.01,0.0,1.0,0.5,5,1,1.0,2000,400,0.0,1.0,0.0,1.0,90.919,1.0,0.95,0.0,1.0,0.0,0.0,1.0,0.0
"[[1, 0], [0, 1]]","[[(1, 1), (0, 0)], [(0, 0), (1, 1)]]",40,2000,1.0,0.01,0.01,0.0,1.0,0.5,5,1,1.0,2000,400,0.0,1.0,0.0,1.0,90.997,1.0,0.075,0.0,0.0,0.95,0.05,0.05,0.95
"[[1, 0], [0, 1]]","[[(1, 1), (0, 0)], [(0, 0), (1, 1)]]",40,2000,1.0,0.01,0.01,0.0,1.0,0.5,5,1,1.0,2000,400,0.0,1.0,0.0,1.0,90.85,1.0,1.0,0.0,1.0,0.0,0.0,1.0,0.0
"[[1, 0], [0, 1]]","[[(1, 1), (0, 0)], [(0, 0), (1, 1)]]",40,2000,1.0,0.01,0.01,0.0,1.0,0.5,5,1,1.0,2000,400,0.0,1.0,0.0,1.0,90.884,1.0,0.925,0.0,0.975,0.025,0.0,0.0,1.0
"[[1, 0], [0, 1]]","[[(1, 1), (0, 0)], [(0, 0), (1, 1)]]",40,2000,1.0,0.01,0.01,0.0,1.0,0.5,5,1,1.0,2000,400,0.0,1.0,0.0,1.0,90.997,1.0,0.075,0.0,0.0,1.0,0.0,1.0,0.0
"[[1, 0], [0, 1]]","[[(1, 1), (0, 0)], [(0, 0), (1, 1)]]",40,2000,1.0,0.01,0.01,0.0,1.0,0.5,5,1,1.0,2000,400,0.0,1.0,0.0,1.0,90.91,1.0,0.175,0.025,0.075,0.875,0.025,0.88,0.12
"[[1, 0], [0, 1]]","[[(1, 1), (0, 0)], [(0, 0), (1, 1)]]",40,2000,1.0,0.01,0.01,0.0,1.0,0.5,5,1,1.0,2000,400,0.0,1.0,0.0,1.0,90.665,1.0,0.9,0.0,0.975,0.025,0.0,0.97,0.03
"[[1, 0], [0, 1]]","[[(1, 1), (0, 0)], [(0, 0), (1, 1)]]",40,2000,1.0,0.01,0.01,0.0,1.0,0.5,5,1,1.0,2000,400,0.0,1.0,0.0,1.0,90.736,1.0,0.125,0.0,0.0,1.0,0.0,1.0,0.0
"[[1, 0], [0, 1]]","[[(1, 1), (0, 0)], [(0, 0), (1, 1)]]",40,2000,1.0,0.01,0.01,0.0,1.0,0.5,5,1,1.0,2000,400,0.0,1.0,0.0,1.0,91.09,1.0,0.1,0.0,0.025,0.95,0.025,0.95,0.05
"[[1, 0], [0, 1]]","[[(1, 1), (0, 0)], [(0, 0), (1, 1)]]",40,2000,1.0,0.01,0.01,0.0,1.0,0.5,5,1,1.0,2000,400,0.0,1.0,0.0,1.0,91.083,1.0,0.2,0.125,0.05,0.8,0.025,0.8,0.2
"[[1, 0], [0, 1]]","[[(1, 1), (0, 0)], [(0, 0), (1, 1)]]",40,2000,1.0,0.01,0.01,0.0,1.0,0.5,5,1,1.0,2000,400,0.0,1.0,0.0,1.0,90.975,1.0,0.0,0.0,0.0,1.0,0.0,1.0,0.0
"[[1, 0], [0, 1]]","[[(1, 1), (0, 0)], [(0, 0), (1, 1)]]",40,2000,1.0,0.01,0.01,0.0,1.0,0.5,5,1,1.0,2000,400,0.0,1.0,0.0,1.0,90.98,1.0,0.175,0.05,0.025,0.85,0.075,0.15,0.85
"[[1, 0], [0, 1]]","[[(1, 1), (0, 0)], [(0, 0), (1, 1)]]",40,2000,1.0,0.01,0.01,0.0,1.0,0.5,5,1,1.0,2000,400,0.0,1.0,0.0,1.0,90.82,1.0,0.075,0.025,0.0,0.975,0.0,0.03,0.97
"[[1, 0], [0, 1]]","[[(1, 1), (0, 0)], [(0, 0), (1, 1)]]",40,2000,1.0,0.01,0.01,0.0,1.0,0.5,5,1,1.0,2000,400,0.0,1.0,0.0,1.0,90.984,1.0,0.075,0.0,0.0,1.0,0.0,1.0,0.0
"[[1, 0], [0, 1]]","[[(1, 1), (0, 0)], [(0, 0), (1, 1)]]",40,2000,1.0,0.01,0.01,0.0,0.0,0.75,5,1,1.0,2000,400,0.0,1.0,0.0,1.0,6.143,1.0,0.525,0.05,0.025,0.1,0.825,0.82,0.17
"[[1, 0], [0, 1]]","[[(1, 1), (0, 0)], [(0, 0), (1, 1)]]",40,2000,1.0,0.01,0.01,0.0,0.0,0.75,5,1,1.0,2000,400,0.0,1.0,0.0,1.0,5.78,1.0,0.525,0.05,0.0,0.05,0.9,0.1,0.9
"[[1, 0], [0, 1]]","[[(1, 1), (0, 0)], [(0, 0), (1, 1)]]",40,2000,1.0,0.01,0.01,0.0,0.0,0.75,5,1,1.0,2000,400,0.0,1.0,0.0,1.0,5.892,1.0,0.525,0.0,0.125,0.0,0.875,0.12,0.88
"[[1, 0], [0, 1]]","[[(1, 1), (0, 0)], [(0, 0), (1, 1)]]",40,2000,1.0,0.01,0.01,0.0,0.0,0.75,5,1,1.0,2000,400,0.0,1.0,0.0,1.0,5.653,1.0,0.525,0.0,0.1,0.15,0.75,0.75,0.25
"[[1, 0], [0, 1]]","[[(1, 1), (0, 0)], [(0, 0), (1, 1)]]",40,2000,1.0,0.01,0.01,0.0,0.0,0.75,5,1,1.0,2000,400,0.0,1.0,0.0,1.0,5.804,1.0,0.525,0.05,0.05,0.0,0.9,0.9,0.1
"[[1, 0], [0, 1]]","[[(1, 1), (0, 0)], [(0, 0), (1, 1)]]",40,2000,1.0,0.01,0.01,0.0,0.0,0.75,5,1,1.0,2000,400,0.0,1.0,0.0,1.0,6.381,1.0,0.525,0.0,0.0,0.025,0.975,0.97,0.03
"[[1, 0], [0, 1]]","[[(1, 1), (0, 0)], [(0, 0), (1, 1)]]",40,2000,1.0,0.01,0.01,0.0,0.0,0.75,5,1,1.0,2000,400,0.0,1.0,0.0,1.0,5.984,1.0,0.525,0.0,0.025,0.0,0.975,0.03,0.97
"[[1, 0], [0, 1]]","[[(1, 1), (0, 0)], [(0, 0), (1, 1)]]",40,2000,1.0,0.01,0.01,0.0,0.0,0.75,5,1,1.0,2000,400,0.0,1.0,0.0,1.0,5.911,1.0,0.525,0.0,0.075,0.025,0.9,0.9,0.1
"[[1, 0], [0, 1]]","[[(1, 1), (0, 0)], [(0, 0), (1, 1)]]",40,2000,1.0,0.01,0.01,0.0,0.0,0.75,5,1,1.0,2000,400,0.0,1.0,0.0,1.0,5.886,1.0,0.525,0.0,0.0,0.075,0.925,1.0,0.0
"[[1, 0], [0, 1]]","[[(1, 1), (0, 0)], [(0, 0), (1, 1)]]",40,2000,1.0,0.01,0.01,0.0,0.0,0.75,5,1,1.0,2000,400,0.0,1.0,0.0,1.0,5.821,1.0,0.525,0.025,0.025,0.0,0.95,0.05,0.95
"[[1, 0], [0, 1]]","[[(1, 1), (0, 0)], [(0, 0), (1, 1)]]",40,2000,1.0,0.01,0.01,0.0,0.0,0.75,5,1,1.0,2000,400,0.0,1.0,0.0,1.0,5.576,1.0,0.525,0.0,0.0,0.075,0.925,0.05,0.95
"[[1, 0], [0, 1]]","[[(1, 1), (0, 0)], [(0, 0), (1, 1)]]",40,2000,1.0,0.01,0.01,0.0,0.0,0.75,5,1,1.0,2000,400,0.0,1.0,0.0,1.0,6.464,1.0,0.525,0.0,0.0,0.025,0.975,0.03,0.97
"[[1, 0], [0, 1]]","[[(1, 1), (0, 0)], [(0, 0), (1, 1)]]",40,2000,1.0,0.01,0.01,0.0,0.0,0.75,5,1,1.0,2000,400,0.0,1.0,0.0,1.0,6.441,1.0,0.525,0.0,0.025,0.0,0.975,0.03,0.97
"[[1, 0], [0, 1]]","[[(1, 1), (0, 0)], [(0, 0), (1, 1)]]",40,2000,1.0,0.01,0.01,0.0,0.0,0.75,5,1,1.0,2000,400,0.0,1.0,0.0,1.0,6.344,1.0,0.525,0.0,0.2,0.0,0.8,0.8,0.2
"[[1, 0], [0, 1]]","[[(1, 1), (0, 0)], [(0, 0), (1, 1)]]",40,2000,1.0,0.01,0.01,0.0,0.0,0.75,5,1,1.0,2000,400,0.0,1.0,0.0,1.0,6.011,1.0,0.525,0.0,0.05,0.025,0.925,0.93,0.07
"[[1, 0], [0, 1]]","[[(1, 1), (0, 0)], [(0, 0), (1, 1)]]",40,2000,1.0,0.01,0.01,0.0,0.25,0.75,5,1,1.0,2000,400,0.0,1.0,0.0,1.0,6.089,0.154,0.45,0.0,0.025,0.125,0.85,0.12,0.88
"[[1, 0], [0, 1]]","[[(1, 1), (0, 0)], [(0, 0), (1, 1)]]",40,2000,1.0,0.01,0.01,0.0,0.25,0.75,5,1,1.0,2000,400,0.0,1.0,0.0,1.0,6.187,0.174,0.75,0.025,0.05,0.05,0.875,0.9,0.1
"[[1, 0], [0, 1]]","[[(1, 1), (0, 0)], [(0, 0), (1, 1)]]",40,2000,1.0,0.01,0.01,0.0,0.25,0.75,5,1,1.0,2000,400,0.0,1.0,0.0,1.0,5.851,0.144,0.475,0.0,0.0,0.0,1.0,0.0,1.0
"[[1, 0], [0, 1]]","[[(1, 1), (0, 0)], [(0, 0), (1, 1)]]",40,2000,1.0,0.01,0.01,0.0,0.25,0.75,5,1,1.0,2000,400,0.0,1.0,0.0,1.0,29.254,0.819,0.025,0.025,0.0,0.95,0.025,0.95,0.05
"[[1, 0], [0, 1]]","[[(1, 1), (0, 0)], [(0, 0), (1, 1)]]",40,2000,1.0,0.01,0.01,0.0,0.25,0.75,5,1,1.0,2000,400,0.0,1.0,0.0,1.0,44.986,0.744,0.0,0.025,0.0,0.975,0.0,0.97,0.03
"[[1, 0], [0, 1]]","[[(1, 1), (0, 0)], [(0, 0), (1, 1)]]",40,2000,1.0,0.01,0.01,0.0,0.25,0.75,5,1,1.0,2000,400,0.0,1.0,0.0,1.0,51.71,0.832,0.0,0.0,0.0,1.0,0.0,1.0,0.0
"[[1, 0], [0, 1]]","[[(1, 1), (0, 0)], [(0, 0), (1, 1)]]",40,2000,1.0,0.01,0.01,0.0,0.25,0.75,5,1,1.0,2000,400,0.0,1.0,0.0,1.0,54.78,0.715,0.05,0.025,0.025,0.95,0.0,0.95,0.05
"[[1, 0], [0, 1]]","[[(1, 1), (0, 0)], [(0, 0), (1, 1)]]",40,2000,1.0,0.01,0.01,0.0,0.25,0.75,5,1,1.0,2000,400,0.0,1.0,0.0,1.0,49.668,0.821,0.05,0.075,0.05,0.875,0.0,0.88,0.12
"[[1, 0], [0, 1]]","[[(1, 1), (0, 0)], [(0, 0), (1, 1)]]",40,2000,1.0,0.01,0.01,0.0,0.25,0.75,5,1,1.0,2000,400,0.0,1.0,0.0,1.0,71.715,0.834,0.0,0.0,0.0,1.0,0.0,1.0,0.0
"[[1, 0], [0, 1]]","[[(1, 1), (0, 0)], [(0, 0), (1, 1)]]",40,2000,1.0,0.01,0.01,0.0,0.25,0.75,5,1,1.0,2000,400,0.0,1.0,0.0,1.0,74.114,0.749,0.975,0.0,0.975,0.025,0.0,0.0,1.0
"[[1, 0], [0, 1]]","[[(1, 1), (0, 0)], [(0, 0), (1, 1)]]",40,2000,1.0,0.01,0.01,0.0,0.25,0.75,5,1,1.0,2000,400,0.0,1.0,0.0,1.0,85.538,0.782,0.025,0.0,0.0,1.0,0.0,1.0,0.0
"[[1, 0], [0, 1]]","[[(1, 1), (0, 0)], [(0, 0), (1, 1)]]",40,2000,1.0,0.01,0.01,0.0,0.25,0.75,5,1,1.0,2000,400,0.0,1.0,0.0,1.0,85.675,0.825,0.05,0.0,0.0,0.95,0.05,0.95,0.05
"[[1, 0], [0, 1]]","[[(1, 1), (0, 0)], [(0, 0), (1, 1)]]",40,2000,1.0,0.01,0.01,0.0,0.25,0.75,5,1,1.0,2000,400,0.0,1.0,0.0,1.0,85.618,0.8,0.05,0.025,0.0,0.925,0.05,0.93,0.07
"[[1, 0], [0, 1]]","[[(1, 1), (0, 0)], [(0, 0), (1, 1)]]",40,2000,1.0,0.01,0.01,0.0,0.25,0.75,5,1,1.0,2000,400,0.0,1.0,0.0,1.0,85.647,0.775,0.025,0.05,0.05,0.875,0.025,0.88,0.12
"[[1, 0], [0, 1]]","[[(1, 1), (0, 0)], [(0, 0), (1, 1)]]",40,2000,1.0,0.01,0.01,0.0,0.25,0.75,5,1,1.0,2000,400,0.0,1.0,0.0,1.0,85.326,0.795,0.95,0.0,0.95,0.05,0.0,0.05,0.95
"[[1, 0], [0, 1]]","[[(1, 1), (0, 0)], [(0, 0), (1, 1)]]",40,2000,1.0,0.01,0.01,0.0,0.5,0.75,5,1,1.0,2000,400,0.0,1.0,0.0,1.0,6.27,0.219,0.25,0.0,0.075,0.0,0.925,0.07,0.93
"[[1, 0], [0, 1]]","[[(1, 1), (0, 0)], [(0, 0), (1, 1)]]",40,2000,1.0,0.01,0.01,0.0,0.5,0.75,5,1,1.0,2000,400,0.0,1.0,0.0,1.0,5.662,0.174,0.45,0.0,0.0,0.15,0.85,0.85,0.15
"[[1, 0], [0, 1]]","[[(1, 1), (0, 0)], [(0, 0), (1, 1)]]",40,2000,1.0,0.01,0.01,0.0,0.5,0.75,5,1,1.0,2000,400,0.0,1.0,0.0,1.0,6.266,0.199,0.775,0.025,0.0,0.05,0.925,0.93,0.07
"[[1, 0], [0, 1]]","[[(1, 1), (0, 0)], [(0, 0), (1, 1)]]",40,2000,1.0,0.01,0.01,0.0,0.5,0.75,5,1,1.0,2000,400,0.0,1.0,0.0,1.0,19.384,0.87,0.025,0.125,0.025,0.85,0.0,0.85,0.15
"[[1, 0], [0, 1]]","[[(1, 1), (0, 0)], [(0, 0), (1, 1)]]",40,2000,1.0,0.01,0.01,0.0,0.5,0.75,5,1,1.0,2000,400,0.0,1.0,0.0,1.0,43.353,0.815,0.925,0.0,1.0,0.0,0.0,0.0,1.0
"[[1, 0], [0, 1]]","[[(1, 1), (0, 0)], [(0, 0), (1, 1)]]",40,2000,1.0,0.01,0.01,0.0,0.5,0.75,5,1,1.0,2000,400,0.0,1.0,0.0,1.0,60.633,0.874,0.975,0.05,0.95,0.0,0.0,0.05,0.95
"[[1, 0], [0, 1]]","[[(1, 1), (0, 0)], [(0, 0), (1, 1)]]",40,2000,1.0,0.01,0.01,0.0,0.5,0.75,5,1,1.0,2000,400,0.0,1.0,0.0,1.0,64.221,0.9,0.0,0.0,0.0,1.0,0.0,1.0,0.0
"[[1, 0], [0, 1]]","[[(1, 1), (0, 0)], [(0, 0), (1, 1)]]",40,2000,1.0,0.01,0.01,0.0,0.5,0.75,5,1,1.0,2000,400,0.0,1.0,0.0,1.0,86.993,0.789,0.075,0.025,0.0,0.95,0.025,0.95,0.05
"[[1, 0], [0, 1]]","[[(1, 1), (0, 0)], [(0, 0), (1, 1)]]",40,2000,1.0,0.01,0.01,0.0,0.5,0.75,5,1,1.0,2000,400,0.0,1.0,0.0,1.0,87.153,0.83,0.075,0.0,0.0,1.0,0.0,1.0,0.0
"[[1, 0], [0, 1]]","[[(1, 1), (0, 0)], [(0, 0), (1, 1)]]",40,2000,1.0,0.01,0.01,0.0,0.5,0.75,5,1,1.0,2000,400,0.0,1.0,0.0,1.0,70.333,0.841,0.9,0.025,0.95,0.025,0.0,0.05,0.95
"[[1, 0], [0, 1]]","[[(1, 1), (0, 0)], [(0, 0), (1, 1)]]",40,2000,1.0,0.01,0.01,0.0,0.5,0.75,5,1,1.0,2000,400,0.0,1.0,0.0,1.0,73.767,0.881,0.95,0.0,1.0,0.0,0.0,0.0,1.0
"[[1, 0], [0, 1]]","[[(1, 1), (0, 0)], [(0, 0), (1, 1)]]",40,2000,1.0,0.01,0.01,0.0,0.5,0.75,5,1,1.0,2000,400,0.0,1.0,0.0,1.0,86.972,0.891,0.975,0.025,0.95,0.025,0.0,0.03,0.97
"[[1, 0], [0, 1]]","[[(1, 1), (0, 0)], [(0, 0), (1, 1)]]",40,2000,1.0,0.01,0.01,0.0,0.5,0.75,5,1,1.0,2000,400,0.0,1.0,0.0,1.0,87.32,0.895,0.975,0.0,1.0,0.0,0.0,0.0,1.0
"[[1, 0], [0, 1]]","[[(1, 1), (0, 0)], [(0, 0), (1, 1)]]",40,2000,1.0,0.01,0.01,0.0,0.5,0.75,5,1,1.0,2000,400,0.0,1.0,0.0,1.0,87.076,0.779,0.125,0.025,0.0,0.9,0.075,0.93,0.07
"[[1, 0], [0, 1]]","[[(1, 1), (0, 0)], [(0, 0), (1, 1)]]",40,2000,1.0,0.01,0.01,0.0,0.5,0.75,5,1,1.0,2000,400,0.0,1.0,0.0,1.0,87.176,0.84,0.95,0.025,0.975,0.0,0.0,0.03,0.97
"[[1, 0], [0, 1]]","[[(1, 1), (0, 0)], [(0, 0), (1, 1)]]",40,2000,1.0,0.01,0.01,0.0,0.75,0.75,5,1,1.0,2000,400,0.0,1.0,0.0,1.0,49.215,0.259,0.3,0.0,0.1,0.025,0.875,0.12,0.88
"[[1, 0], [0, 1]]","[[(1, 1), (0, 0)], [(0, 0), (1, 1)]]",40,2000,1.0,0.01,0.01,0.0,0.75,0.75,5,1,1.0,2000,400,0.0,1.0,0.0,1.0,56.557,0.884,0.975,0.0,1.0,0.0,0.0,0.0,1.0
"[[1, 0], [0, 1]]","[[(1, 1), (0, 0)], [(0, 0), (1, 1)]]",40,2000,1.0,0.01,0.01,0.0,0.75,0.75,5,1,1.0,2000,400,0.0,1.0,0.0,1.0,63.995,0.879,0.925,0.1,0.875,0.025,0.0,0.1,0.9
"[[1, 0], [0, 1]]","[[(1, 1), (0, 0)], [(0, 0), (1, 1)]]",40,2000,1.0,0.01,0.01,0.0,0.75,0.75,5,1,1.0,2000,400,0.0,1.0,0.0,1.0,68.738,0.896,0.1,0.15,0.0,0.85,0.0,0.85,0.15
"[[1, 0], [0, 1]]","[[(1, 1), (0, 0)], [(0, 0), (1, 1)]]",40,2000,1.0,0.01,0.01,0.0,0.75,0.75,5,1,1.0,2000,400,0.0,1.0,0.0,1.0,68.639,0.911,0.025,0.0,0.0,0.975,0.025,0.97,0.03
"[[1, 0], [0, 1]]","[[(1, 1), (0, 0)], [(0, 0), (1, 1)]]",40,2000,1.0,0.01,0.01,0.0,0.75,0.75,5,1,1.0,2000,400,0.0,1.0,0.0,1.0,61.546,0.9,0.95,0.125,0.875,0.0,0.0,0.12,0.88
"[[1, 0], [0, 1]]","[[(1, 1), (0, 0)], [(0, 0), (1, 1)]]",40,2000,1.0,0.01,0.01,0.0,0.75,0.75,5,1,1.0,2000,400,0.0,1.0,0.0,1.0,74.57,0.896,0.9,0.0,1.0,0.0,0.0,0.0,1.0
"[[1, 0], [0, 1]]","[[(1, 1), (0, 0)], [(0, 0), (1, 1)]]",40,2000,1.0,0.01,0.01,0.0,0.75,0.75,5,1,1.0,2000,400,0.0,1.0,0.0,1.0,78.964,0.907,0.05,0.025,0.0,0.975,0.0,0.97,0.03
"[[1, 0], [0, 1]]","[[(1, 1), (0, 0)], [(0, 0), (1, 1)]]",40,2000,1.0,0.01,0.01,0.0,0.75,0.75,5,1,1.0,2000,400,0.0,1.0,0.0,1.0,88.833,0.829,0.8,0.175,0.8,0.025,0.0,0.2,0.8
"[[1, 0], [0, 1]]","[[(1, 1), (0, 0)], [(0, 0), (1, 1)]]",40,2000,1.0,0.01,0.01,0.0,0.75,0.75,5,1,1.0,2000,400,0.0,1.0,0.0,1.0,89.143,0.922,0.075,0.025,0.0,0.975,0.0,0.97,0.03
"[[1, 0], [0, 1]]","[[(1, 1), (0, 0)], [(0, 0), (1, 1)]]",40,2000,1.0,0.01,0.01,0.0,0.75,0.75,5,1,1.0,2000,400,0.0,1.0,0.0,1.0,89.01,0.919,0.0,0.025,0.0,0.975,0.0,0.97,0.03
"[[1, 0], [0, 1]]","[[(1, 1), (0, 0)], [(0, 0), (1, 1)]]",40,2000,1.0,0.01,0.01,0.0,0.75,0.75,5,1,1.0,2000,400,0.0,1.0,0.0,1.0,88.934,0.911,0.1,0.0,0.075,0.925,0.0,0.93,0.07
"[[1, 0], [0, 1]]","[[(1, 1), (0, 0)], [(0, 0), (1, 1)]]",40,2000,1.0,0.01,0.01,0.0,0.75,0.75,5,1,1.0,2000,400,0.0,1.0,0.0,1.0,89.102,0.896,0.1,0.0,0.0,0.975,0.025,1.0,0.0
"[[1, 0], [0, 1]]","[[(1, 1), (0, 0)], [(0, 0), (1, 1)]]",40,2000,1.0,0.01,0.01,0.0,0.75,0.75,5,1,1.0,2000,400,0.0,1.0,0.0,1.0,89.256,0.954,0.0,0.05,0.0,0.95,0.0,0.95,0.05
"[[1, 0], [0, 1]]","[[(1, 1), (0, 0)], [(0, 0), (1, 1)]]",40,2000,1.0,0.01,0.01,0.0,0.75,0.75,5,1,1.0,2000,400,0.0,1.0,0.0,1.0,89.06,0.9,0.975,0.025,0.975,0.0,0.0,0.03,0.97
"[[1, 0], [0, 1]]","[[(1, 1), (0, 0)], [(0, 0), (1, 1)]]",40,2000,1.0,0.01,0.01,0.0,1.0,0.75,5,1,1.0,2000,400,0.0,1.0,0.0,1.0,90.962,1.0,0.875,0.0,1.0,0.0,0.0,0.0,1.0
"[[1, 0], [0, 1]]","[[(1, 1), (0, 0)], [(0, 0), (1, 1)]]",40,2000,1.0,0.01,0.01,0.0,1.0,0.75,5,1,1.0,2000,400,0.0,1.0,0.0,1.0,90.673,1.0,0.025,0.075,0.0,0.925,0.0,0.93,0.07
"[[1, 0], [0, 1]]","[[(1, 1), (0, 0)], [(0, 0), (1, 1)]]",40,2000,1.0,0.01,0.01,0.0,1.0,0.75,5,1,1.0,2000,400,0.0,1.0,0.0,1.0,90.933,1.0,0.1,0.0,0.0,0.975,0.025,0.03,0.97
"[[1, 0], [0, 1]]","[[(1, 1), (0, 0)], [(0, 0), (1, 1)]]",40,2000,1.0,0.01,0.01,0.0,1.0,0.75,5,1,1.0,2000,400,0.0,1.0,0.0,1.0,90.902,1.0,0.125,0.125,0.0,0.85,0.025,0.15,0.85
"[[1, 0], [0, 1]]","[[(1, 1), (0, 0)], [(0, 0), (1, 1)]]",40,2000,1.0,0.01,0.01,0.0,1.0,0.75,5,1,1.0,2000,400,0.0,1.0,0.0,1.0,90.956,1.0,0.35,0.05,0.0,0.95,0.0,0.95,0.05
"[[1, 0], [0, 1]]","[[(1, 1), (0, 0)], [(0, 0), (1, 1)]]",40,2000,1.0,0.01,0.01,0.0,1.0,0.75,5,1,1.0,2000,400,0.0,1.0,0.0,1.0,90.85,1.0,0.925,0.0,1.0,0.0,0.0,0.0,1.0
"[[1, 0], [0, 1]]","[[(1, 1), (0, 0)], [(0, 0), (1, 1)]]",40,2000,1.0,0.01,0.01,0.0,1.0,0.75,5,1,1.0,2000,400,0.0,1.0,0.0,1.0,91.014,1.0,0.775,0.175,0.775,0.0,0.05,0.23,0.78
"[[1, 0], [0, 1]]","[[(1, 1), (0, 0)], [(0, 0), (1, 1)]]",40,2000,1.0,0.01,0.01,0.0,1.0,0.75,5,1,1.0,2000,400,0.0,1.0,0.0,1.0,90.931,1.0,0.95,0.025,0.95,0.025,0.0,0.05,0.95
"[[1, 0], [0, 1]]","[[(1, 1), (0, 0)], [(0, 0), (1, 1)]]",40,2000,1.0,0.01,0.01,0.0,1.0,0.75,5,1,1.0,2000,400,0.0,1.0,0.0,1.0,90.614,1.0,0.05,0.025,0.0,0.975,0.0,0.03,0.97
"[[1, 0], [0, 1]]","[[(1, 1), (0, 0)], [(0, 0), (1, 1)]]",40,2000,1.0,0.01,0.01,0.0,1.0,0.75,5,1,1.0,2000,400,0.0,1.0,0.0,1.0,91.017,1.0,0.175,0.0,0.025,0.975,0.0,0.03,0.97
"[[1, 0], [0, 1]]","[[(1, 1), (0, 0)], [(0, 0), (1, 1)]]",40,2000,1.0,0.01,0.01,0.0,1.0,0.75,5,1,1.0,2000,400,0.0,1.0,0.0,1.0,90.957,1.0,0.2,0.1,0.0,0.875,0.025,0.12,0.88
"[[1, 0], [0, 1]]","[[(1, 1), (0, 0)], [(0, 0), (1, 1)]]",40,2000,1.0,0.01,0.01,0.0,1.0,0.75,5,1,1.0,2000,400,0.0,1.0,0.0,1.0,91.208,1.0,0.925,0.1,0.875,0.025,0.0,0.88,0.12
"[[1, 0], [0, 1]]","[[(1, 1), (0, 0)], [(0, 0), (1, 1)]]",40,2000,1.0,0.01,0.01,0.0,1.0,0.75,5,1,1.0,2000,400,0.0,1.0,0.0,1.0,90.797,1.0,0.925,0.0,0.95,0.025,0.025,0.05,0.95
"[[1, 0], [0, 1]]","[[(1, 1), (0, 0)], [(0, 0), (1, 1)]]",40,2000,1.0,0.01,0.01,0.0,1.0,0.75,5,1,1.0,2000,400,0.0,1.0,0.0,1.0,90.711,1.0,0.075,0.0,0.0,1.0,0.0,1.0,0.0
"[[1, 0], [0, 1]]","[[(1, 1), (0, 0)], [(0, 0), (1, 1)]]",40,2000,1.0,0.01,0.01,0.0,1.0,0.75,5,1,1.0,2000,400,0.0,1.0,0.0,1.0,90.76,1.0,0.075,0.0,0.0,0.975,0.025,0.97,0.03
"[[1, 0], [0, 1]]","[[(1, 1), (0, 0)], [(0, 0), (1, 1)]]",40,2000,1.0,0.01,0.01,0.0,0.0,1.0,5,1,1.0,2000,400,0.0,1.0,0.0,1.0,5.563,1.0,0.525,0.0,0.025,0.0,0.975,0.97,0.03
"[[1, 0], [0, 1]]","[[(1, 1), (0, 0)], [(0, 0), (1, 1)]]",40,2000,1.0,0.01,0.01,0.0,0.0,1.0,5,1,1.0,2000,400,0.0,1.0,0.0,1.0,5.937,1.0,0.525,0.075,0.0,0.0,0.925,0.07,0.93
"[[1, 0], [0, 1]]","[[(1, 1), (0, 0)], [(0, 0), (1, 1)]]",40,2000,1.0,0.01,0.01,0.0,0.0,1.0,5,1,1.0,2000,400,0.0,1.0,0.0,1.0,5.798,1.0,0.525,0.025,0.05,0.025,0.9,0.1,0.9
"[[1, 0], [0, 1]]","[[(1, 1), (0, 0)], [(0, 0), (1, 1)]]",40,2000,1.0,0.01,0.01,0.0,0.0,1.0,5,1,1.0,2000,400,0.0,1.0,0.0,1.0,6.357,1.0,0.525,0.0,0.025,0.0,0.975,0.03,0.97
"[[1, 0], [0, 1]]","[[(1, 1), (0, 0)], [(0, 0), (1, 1)]]",40,2000,1.0,0.01,0.01,0.0,0.0,1.0,5,1,1.0,2000,400,0.0,1.0,0.0,1.0,6.183,1.0,0.525,0.0,0.1,0.0,0.9,0.9,0.1
"[[1, 0], [0, 1]]","[[(1, 1), (0, 0)], [(0, 0), (1, 1)]]",40,2000,1.0,0.01,0.01,0.0,0.0,1.0,5,1,1.0,2000,400,0.0,1.0,0.0,1.0,6.219,1.0,0.525,0.0,0.0,0.075,0.925,0.07,0.93
"[[1, 0], [0, 1]]","[[(1, 1), (0, 0)], [(0, 0), (1, 1)]]",40,2000,1.0,0.01,0.01,0.0,0.0,1.0,5,1,1.0,2000,400,0.0,1.0,0.0,1.0,5.498,1.0,0.525,0.0,0.0,0.0,1.0,0.0,1.0
"[[1, 0], [0, 1]]","[[(1, 1), (0, 0)], [(0, 0), (1, 1)]]",40,2000,1.0,0.01,0.01,0.0,0.0,1.0,5,1,1.0,2000,400,0.0,1.0,0.0,1.0,6.537,1.0,0.525,0.0,0.0,0.0,1.0,0.0,1.0
"[[1, 0], [0, 1]]","[[(1, 1), (0, 0)], [(0, 0), (1, 1)]]",40,2000,1.0,0.01,0.01,0.0,0.0,1.0,5,1,1.0,2000,400,0.0,1.0,0.0,1.0,5.849,1.0,0.525,0.0,0.0,0.0,1.0,1.0,0.0
"[[1, 0], [0, 1]]","[[(1, 1), (0, 0)], [(0, 0), (1, 1)]]",40,2000,1.0,0.01,0.01,0.0,0.0,1.0,5,1,1.0,2000,400,0.0,1.0,0.0,1.0,6.015,1.0,0.525,0.025,0.025,0.025,0.925,0.07,0.93
"[[1, 0], [0, 1]]","[[(1, 1), (0, 0)], [(0, 0), (1, 1)]]",40,2000,1.0,0.01,0.01,0.0,0.0,1.0,5,1,1.0,2000,400,0.0,1.0,0.0,1.0,6.003,1.0,0.525,0.0,0.0,0.0,1.0,0.0,1.0
"[[1, 0], [0, 1]]","[[(1, 1), (0, 0)], [(0, 0), (1, 1)]]",40,2000,1.0,0.01,0.01,0.0,0.0,1.0,5,1,1.0,2000,400,0.0,1.0,0.0,1.0,5.924,1.0,0.525,0.025,0.025,0.0,0.95,0.95,0.05
"[[1, 0], [0, 1]]","[[(1, 1), (0, 0)], [(0, 0), (1, 1)]]",40,2000,1.0,0.01,0.01,0.0,0.0,1.0,5,1,1.0,2000,400,0.0,1.0,0.0,1.0,6.181,1.0,0.525,0.0,0.0,0.0,1.0,1.0,0.0
"[[1, 0], [0, 1]]","[[(1, 1), (0, 0)], [(0, 0), (1, 1)]]",40,2000,1.0,0.01,0.01,0.0,0.0,1.0,5,1,1.0,2000,400,0.0,1.0,0.0,1.0,5.495,1.0,0.525,0.0,0.025,0.0,0.975,0.03,0.97
"[[1, 0], [0, 1]]","[[(1, 1), (0, 0)], [(0, 0), (1, 1)]]",40,2000,1.0,0.01,0.01,0.0,0.0,1.0,5,1,1.0,2000,400,0.0,1.0,0.0,1.0,5.877,1.0,0.525,0.025,0.05,0.0,0.925,0.03,0.97
"[[1, 0], [0, 1]]","[[(1, 1), (0, 0)], [(0, 0), (1, 1)]]",40,2000,1.0,0.01,0.01,0.0,0.25,1.0,5,1,1.0,2000,400,0.0,1.0,0.0,1.0,6.044,0.148,0.45,0.0,0.0,0.0,1.0,0.0,1.0
"[[1, 0], [0, 1]]","[[(1, 1), (0, 0)], [(0, 0), (1, 1)]]",40,2000,1.0,0.01,0.01,0.0,0.25,1.0,5,1,1.0,2000,400,0.0,1.0,0.0,1.0,6.624,0.151,0.3,0.05,0.0,0.125,0.825,0.17,0.82
"[[1, 0], [0, 1]]","[[(1, 1), (0, 0)], [(0, 0), (1, 1)]]",40,2000,1.0,0.01,0.01,0.0,0.25,1.0,5,1,1.0,2000,400,0.0,1.0,0.0,1.0,5.845,0.142,0.45,0.0,0.1,0.025,0.875,0.88,0.12
"[[1, 0], [0, 1]]","[[(1, 1), (0, 0)], [(0, 0), (1, 1)]]",40,2000,1.0,0.01,0.01,0.0,0.25,1.0,5,1,1.0,2000,400,0.0,1.0,0.0,1.0,6.235,0.128,0.475,0.0,0.0,0.0,1.0,0.0,1.0
"[[1, 0], [0, 1]]","[[(1, 1), (0, 0)], [(0, 0), (1, 1)]]",40,2000,1.0,0.01,0.01,0.0,0.25,1.0,5,1,1.0,2000,400,0.0,1.0,0.0,1.0,5.833,0.234,0.65,0.0,0.0,0.2,0.8,0.2,0.8
"[[1, 0], [0, 1]]","[[(1, 1), (0, 0)], [(0, 0), (1, 1)]]",40,2000,1.0,0.01,0.01,0.0,0.25,1.0,5,1,1.0,2000,400,0.0,1.0,0.0,1.0,6.462,0.233,0.65,0.075,0.0,0.075,0.85,0.15,0.85
"[[1, 0], [0, 1]]","[[(1, 1), (0, 0)], [(0, 0), (1, 1)]]",40,2000,1.0,0.01,0.01,0.0,0.25,1.0,5,1,1.0,2000,400,0.0,1.0,0.0,1.0,6.022,0.13,0.5,0.0,0.025,0.075,0.9,0.9,0.1
"[[1, 0], [0, 1]]","[[(1, 1), (0, 0)], [(0, 0), (1, 1)]]",40,2000,1.0,0.01,0.01,0.0,0.25,1.0,5,1,1.0,2000,400,0.0,1.0,0.0,1.0,5.761,0.155,0.475,0.0,0.0,0.0,1.0,0.0,1.0
"[[1, 0], [0, 1]]","[[(1, 1), (0, 0)], [(0, 0), (1, 1)]]",40,2000,1.0,0.01,0.01,0.0,0.25,1.0,5,1,1.0,2000,400,0.0,1.0,0.0,1.0,6.153,0.145,0.5,0.0,0.0,0.025,0.975,0.42,0.57
"[[1, 0], [0, 1]]","[[(1, 1), (0, 0)], [(0, 0), (1, 1)]]",40,2000,1.0,0.01,0.01,0.0,0.25,1.0,5,1,1.0,2000,400,0.0,1.0,0.0,1.0,5.958,0.274,0.475,0.0,0.325,0.025,0.65,0.75,0.25
"[[1, 0], [0, 1]]","[[(1, 1), (0, 0)], [(0, 0), (1, 1)]]",40,2000,1.0,0.01,0.01,0.0,0.25,1.0,5,1,1.0,2000,400,0.0,1.0,0.0,1.0,6.081,0.16,0.275,0.05,0.0,0.05,0.9,0.07,0.93
"[[1, 0], [0, 1]]","[[(1, 1), (0, 0)], [(0, 0), (1, 1)]]",40,2000,1.0,0.01,0.01,0.0,0.25,1.0,5,1,1.0,2000,400,0.0,1.0,0.0,1.0,32.385,0.968,0.05,0.025,0.025,0.925,0.025,0.93,0.07
"[[1, 0], [0, 1]]","[[(1, 1), (0, 0)], [(0, 0), (1, 1)]]",40,2000,1.0,0.01,0.01,0.0,0.25,1.0,5,1,1.0,2000,400,0.0,1.0,0.0,1.0,62.357,0.938,0.05,0.0,0.025,0.95,0.025,0.95,0.05
"[[1, 0], [0, 1]]","[[(1, 1), (0, 0)], [(0, 0), (1, 1)]]",40,2000,1.0,0.01,0.01,0.0,0.25,1.0,5,1,1.0,2000,400,0.0,1.0,0.0,1.0,91.08,0.919,0.0,0.1,0.0,0.9,0.0,0.9,0.1
"[[1, 0], [0, 1]]","[[(1, 1), (0, 0)], [(0, 0), (1, 1)]]",40,2000,1.0,0.01,0.01,0.0,0.25,1.0,5,1,1.0,2000,400,0.0,1.0,0.0,1.0,87.05,0.965,0.975,0.0,0.975,0.0,0.025,0.03,0.97
"[[1, 0], [0, 1]]","[[(1, 1), (0, 0)], [(0, 0), (1, 1)]]",40,2000,1.0,0.01,0.01,0.0,0.5,1.0,5,1,1.0,2000,400,0.0,1.0,0.0,1.0,5.63,0.231,0.75,0.075,0.025,0.0,0.9,0.9,0.1
"[[1, 0], [0, 1]]","[[(1, 1), (0, 0)], [(0, 0), (1, 1)]]",40,2000,1.0,0.01,0.01,0.0,0.5,1.0,5,1,1.0,2000,400,0.0,1.0,0.0,1.0,5.948,0.142,0.425,0.0,0.025,0.025,0.95,0.05,0.95
"[[1, 0], [0, 1]]","[[(1, 1), (0, 0)], [(0, 0), (1, 1)]]",40,2000,1.0,0.01,0.01,0.0,0.5,1.0,5,1,1.0,2000,400,0.0,1.0,0.0,1.0,38.169,0.965,0.95,0.0,0.975,0.0,0.025,0.03,0.97
"[[1, 0], [0, 1]]","[[(1, 1), (0, 0)], [(0, 0), (1, 1)]]",40,2000,1.0,0.01,0.01,0.0,0.5,1.0,5,1,1.0,2000,400,0.0,1.0,0.0,1.0,35.862,0.984,0.0,0.0,0.0,1.0,0.0,1.0,0.0
"[[1, 0], [0, 1]]","[[(1, 1), (0, 0)], [(0, 0), (1, 1)]]",40,2000,1.0,0.01,0.01,0.0,0.5,1.0,5,1,1.0,2000,400,0.0,1.0,0.0,1.0,38.625,0.959,0.0,0.0,0.0,1.0,0.0,1.0,0.0
"[[1, 0], [0, 1]]","[[(1, 1), (0, 0)], [(0, 0), (1, 1)]]",40,2000,1.0,0.01,0.01,0.0,0.5,1.0,5,1,1.0,2000,400,0.0,1.0,0.0,1.0,33.462,0.952,0.9,0.05,0.875,0.025,0.05,0.12,0.88
"[[1, 0], [0, 1]]","[[(1, 1), (0, 0)], [(0, 0), (1, 1)]]",40,2000,1.0,0.01,0.01,0.0,0.5,1.0,5,1,1.0,2000,400,0.0,1.0,0.0,1.0,44.269,0.985,0.025,0.0,0.0,0.975,0.025,0.97,0.03
"[[1, 0], [0, 1]]","[[(1, 1), (0, 0)], [(0, 0), (1, 1)]]",40,2000,1.0,0.01,0.01,0.0,0.5,1.0,5,1,1.0,2000,400,0.0,1.0,0.0,1.0,52.921,0.948,0.0,0.0,0.0,1.0,0.0,1.0,0.0
"[[1, 0], [0, 1]]","[[(1, 1), (0, 0)], [(0, 0), (1, 1)]]",40,2000,1.0,0.01,0.01,0.0,0.5,1.0,5,1,1.0,2000,400,0.0,1.0,0.0,1.0,48.836,0.97,0.0,0.05,0.0,0.95,0.0,0.95,0.05
"[[1, 0], [0, 1]]","[[(1, 1), (0, 0)], [(0, 0), (1, 1)]]",40,2000,1.0,0.01,0.01,0.0,0.5,1.0,5,1,1.0,2000,400,0.0,1.0,0.0,1.0,92.815,0.971,0.0,0.0,0.0,1.0,0.0,1.0,0.0
"[[1, 0], [0, 1]]","[[(1, 1), (0, 0)], [(0, 0), (1, 1)]]",40,2000,1.0,0.01,0.01,0.0,0.5,1.0,5,1,1.0,2000,400,0.0,1.0,0.0,1.0,92.33,0.979,0.95,0.025,0.95,0.025,0.0,0.05,0.95
"[[1, 0], [0, 1]]","[[(1, 1), (0, 0)], [(0, 0), (1, 1)]]",40,2000,1.0,0.01,0.01,0.0,0.5,1.0,5,1,1.0,2000,400,0.0,1.0,0.0,1.0,92.702,0.895,0.85,0.075,0.85,0.0,0.075,0.15,0.85
"[[1, 0], [0, 1]]","[[(1, 1), (0, 0)], [(0, 0), (1, 1)]]",40,2000,1.0,0.01,0.01,0.0,0.5,1.0,5,1,1.0,2000,400,0.0,1.0,0.0,1.0,92.534,0.97,0.975,0.075,0.925,0.0,0.0,0.07,0.93
"[[1, 0], [0, 1]]","[[(1, 1), (0, 0)], [(0, 0), (1, 1)]]",40,2000,1.0,0.01,0.01,0.0,0.5,1.0,5,1,1.0,2000,400,0.0,1.0,0.0,1.0,92.719,0.995,1.0,0.025,0.975,0.0,0.0,0.03,0.97
"[[1, 0], [0, 1]]","[[(1, 1), (0, 0)], [(0, 0), (1, 1)]]",40,2000,1.0,0.01,0.01,0.0,0.5,1.0,5,1,1.0,2000,400,0.0,1.0,0.0,1.0,92.671,0.965,0.975,0.0,1.0,0.0,0.0,0.0,1.0
"[[1, 0], [0, 1]]","[[(1, 1), (0, 0)], [(0, 0), (1, 1)]]",40,2000,1.0,0.01,0.01,0.0,0.75,1.0,5,1,1.0,2000,400,0.0,1.0,0.0,1.0,49.5,0.98,0.025,0.025,0.025,0.95,0.0,0.95,0.05
"[[1, 0], [0, 1]]","[[(1, 1), (0, 0)], [(0, 0), (1, 1)]]",40,2000,1.0,0.01,0.01,0.0,0.75,1.0,5,1,1.0,2000,400,0.0,1.0,0.0,1.0,84.426,0.951,0.025,0.05,0.0,0.95,0.0,0.95,0.05
"[[1, 0], [0, 1]]","[[(1, 1), (0, 0)], [(0, 0), (1, 1)]]",40,2000,1.0,0.01,0.01,0.0,0.75,1.0,5,1,1.0,2000,400,0.0,1.0,0.0,1.0,73.815,0.284,0.175,0.075,0.025,0.025,0.875,0.12,0.88
"[[1, 0], [0, 1]]","[[(1, 1), (0, 0)], [(0, 0), (1, 1)]]",40,2000,1.0,0.01,0.01,0.0,0.75,1.0,5,1,1.0,2000,400,0.0,1.0,0.0,1.0,73.948,0.39,0.6,0.0,0.175,0.2,0.625,0.62,0.38
"[[1, 0], [0, 1]]","[[(1, 1), (0, 0)], [(0, 0), (1, 1)]]",40,2000,1.0,0.01,0.01,0.0,0.75,1.0,5,1,1.0,2000,400,0.0,1.0,0.0,1.0,92.685,0.984,0.975,0.0,0.975,0.0,0.025,0.03,0.97
"[[1, 0], [0, 1]]","[[(1, 1), (0, 0)], [(0, 0), (1, 1)]]",40,2000,1.0,0.01,0.01,0.0,0.75,1.0,5,1,1.0,2000,400,0.0,1.0,0.0,1.0,92.721,0.968,0.95,0.0,1.0,0.0,0.0,0.0,1.0
"[[1, 0], [0, 1]]","[[(1, 1), (0, 0)], [(0, 0), (1, 1)]]",40,2000,1.0,0.01,0.01,0.0,0.75,1.0,5,1,1.0,2000,400,0.0,1.0,0.0,1.0,82.015,0.982,0.925,0.05,0.9,0.025,0.025,0.1,0.9
"[[1, 0], [0, 1]]","[[(1, 1), (0, 0)], [(0, 0), (1, 1)]]",40,2000,1.0,0.01,0.01,0.0,0.75,1.0,5,1,1.0,2000,400,0.0,1.0,0.0,1.0,92.55,0.966,0.0,0.075,0.0,0.925,0.0,0.93,0.07
"[[1, 0], [0, 1]]","[[(1, 1), (0, 0)], [(0, 0), (1, 1)]]",40,2000,1.0,0.01,0.01,0.0,0.75,1.0,5,1,1.0,2000,400,0.0,1.0,0.0,1.0,92.725,0.981,0.025,0.0,0.0,1.0,0.0,1.0,0.0
"[[1, 0], [0, 1]]","[[(1, 1), (0, 0)], [(0, 0), (1, 1)]]",40,2000,1.0,0.01,0.01,0.0,0.75,1.0,5,1,1.0,2000,400,0.0,1.0,0.0,1.0,92.352,0.999,0.025,0.0,0.0,0.975,0.025,0.97,0.03
"[[1, 0], [0, 1]]","[[(1, 1), (0, 0)], [(0, 0), (1, 1)]]",40,2000,1.0,0.01,0.01,0.0,0.75,1.0,5,1,1.0,2000,400,0.0,1.0,0.0,1.0,84.903,0.989,0.05,0.025,0.0,0.925,0.05,0.93,0.07
"[[1, 0], [0, 1]]","[[(1, 1), (0, 0)], [(0, 0), (1, 1)]]",40,2000,1.0,0.01,0.01,0.0,0.75,1.0,5,1,1.0,2000,400,0.0,1.0,0.0,1.0,92.608,0.996,0.925,0.0,0.925,0.075,0.0,0.07,0.93
"[[1, 0], [0, 1]]","[[(1, 1), (0, 0)], [(0, 0), (1, 1)]]",40,2000,1.0,0.01,0.01,0.0,0.75,1.0,5,1,1.0,2000,400,0.0,1.0,0.0,1.0,92.695,0.932,0.1,0.15,0.0,0.8,0.05,0.82,0.17
"[[1, 0], [0, 1]]","[[(1, 1), (0, 0)], [(0, 0), (1, 1)]]",40,2000,1.0,0.01,0.01,0.0,0.75,1.0,5,1,1.0,2000,400,0.0,1.0,0.0,1.0,92.687,0.996,0.025,0.025,0.025,0.95,0.0,0.95,0.05
"[[1, 0], [0, 1]]","[[(1, 1), (0, 0)], [(0, 0), (1, 1)]]",40,2000,1.0,0.01,0.01,0.0,0.75,1.0,5,1,1.0,2000,400,0.0,1.0,0.0,1.0,92.876,0.96,0.075,0.025,0.0,0.95,0.025,0.95,0.05
"[[1, 0], [0, 1]]","[[(1, 1), (0, 0)], [(0, 0), (1, 1)]]",40,2000,1.0,0.01,0.01,0.0,1.0,1.0,5,1,1.0,2000,400,0.0,1.0,0.0,1.0,91.023,1.0,0.05,0.0,0.0,1.0,0.0,0.0,1.0
"[[1, 0], [0, 1]]","[[(1, 1), (0, 0)], [(0, 0), (1, 1)]]",40,2000,1.0,0.01,0.01,0.0,1.0,1.0,5,1,1.0,2000,400,0.0,1.0,0.0,1.0,90.83,1.0,0.875,0.0,1.0,0.0,0.0,0.0,1.0
"[[1, 0], [0, 1]]","[[(1, 1), (0, 0)], [(0, 0), (1, 1)]]",40,2000,1.0,0.01,0.01,0.0,1.0,1.0,5,1,1.0,2000,400,0.0,1.0,0.0,1.0,90.867,1.0,0.95,0.025,0.975,0.0,0.0,0.97,0.03
"[[1, 0], [0, 1]]","[[(1, 1), (0, 0)], [(0, 0), (1, 1)]]",40,2000,1.0,0.01,0.01,0.0,1.0,1.0,5,1,1.0,2000,400,0.0,1.0,0.0,1.0,91.011,1.0,0.125,0.0,0.025,0.925,0.05,0.93,0.07
"[[1, 0], [0, 1]]","[[(1, 1), (0, 0)], [(0, 0), (1, 1)]]",40,2000,1.0,0.01,0.01,0.0,1.0,1.0,5,1,1.0,2000,400,0.0,1.0,0.0,1.0,91.037,1.0,0.025,0.0,0.025,0.975,0.0,0.03,0.97
"[[1, 0], [0, 1]]","[[(1, 1), (0, 0)], [(0, 0), (1, 1)]]",40,2000,1.0,0.01,0.01,0.0,1.0,1.0,5,1,1.0,2000,400,0.0,1.0,0.0,1.0,90.967,1.0,0.1,0.05,0.025,0.925,0.0,0.07,0.93
"[[1, 0], [0, 1]]","[[(1, 1), (0, 0)], [(0, 0), (1, 1)]]",40,2000,1.0,0.01,0.01,0.0,1.0,1.0,5,1,1.0,2000,400,0.0,1.0,0.0,1.0,91.047,1.0,0.05,0.0,0.025,0.975,0.0,0.97,0.03
"[[1, 0], [0, 1]]","[[(1, 1), (0, 0)], [(0, 0), (1, 1)]]",40,2000,1.0,0.01,0.01,0.0,1.0,1.0,5,1,1.0,2000,400,0.0,1.0,0.0,1.0,90.984,1.0,0.925,0.0,1.0,0.0,0.0,0.0,1.0
"[[1, 0], [0, 1]]","[[(1, 1), (0, 0)], [(0, 0), (1, 1)]]",40,2000,1.0,0.01,0.01,0.0,1.0,1.0,5,1,1.0,2000,400,0.0,1.0,0.0,1.0,90.68,1.0,0.075,0.0,0.0,0.975,0.025,0.97,0.03
"[[1, 0], [0, 1]]","[[(1, 1), (0, 0)], [(0, 0), (1, 1)]]",40,2000,1.0,0.01,0.01,0.0,1.0,1.0,5,1,1.0,2000,400,0.0,1.0,0.0,1.0,91.048,1.0,0.925,0.0,0.975,0.025,0.0,0.03,0.97
"[[1, 0], [0, 1]]","[[(1, 1), (0, 0)], [(0, 0), (1, 1)]]",40,2000,1.0,0.01,0.01,0.0,1.0,1.0,5,1,1.0,2000,400,0.0,1.0,0.0,1.0,90.942,1.0,0.05,0.175,0.0,0.825,0.0,0.17,0.82
"[[1, 0], [0, 1]]","[[(1, 1), (0, 0)], [(0, 0), (1, 1)]]",40,2000,1.0,0.01,0.01,0.0,1.0,1.0,5,1,1.0,2000,400,0.0,1.0,0.0,1.0,90.879,1.0,0.925,0.0,1.0,0.0,0.0,1.0,0.0
"[[1, 0], [0, 1]]","[[(1, 1), (0, 0)], [(0, 0), (1, 1)]]",40,2000,1.0,0.01,0.01,0.0,1.0,1.0,5,1,1.0,2000,400,0.0,1.0,0.0,1.0,91.0,1.0,0.9,0.0,0.925,0.05,0.025,0.93,0.07
"[[1, 0], [0, 1]]","[[(1, 1), (0, 0)], [(0, 0), (1, 1)]]",40,2000,1.0,0.01,0.01,0.0,1.0,1.0,5,1,1.0,2000,400,0.0,1.0,0.0,1.0,90.917,1.0,0.925,0.0,1.0,0.0,0.0,1.0,0.0
"[[1, 0], [0, 1]]","[[(1, 1), (0, 0)], [(0, 0), (1, 1)]]",40,2000,1.0,0.01,0.01,0.0,1.0,1.0,5,1,1.0,2000,400,0.0,1.0,0.0,1.0,90.84,1.0,0.05,0.15,0.0,0.85,0.0,0.85,0.15
