base_social_norm,eb_social_norm,Z,gens,mu,chi,eps,alpha,q,b,c,beta,generations,convergence_period,gamma_min,gamma_max,gamma_delta,gamma_center,average_cooperation,average_consensus,G,ALWAYS_COOPERATE,DISCRIMINATE,PARADOXICALLY_DISC,ALWAYS_DEFECT,EmotionProfile.COMPETITIVE,EmotionProfile.COOPERATIVE
"[[1, 0], [0, 1]]","[[(0, 0), (0, 0)], [(0, 0), (1, 1)]]",40,1000,1.0,0.01,0.01,0.0,0.75,5,1,1.0,1000,200,0.0,1.0,0.0,1.0,6.485,0.305,0.375,0.0,0.15,0.025,0.825,0.85,0.15
"[[1, 0], [0, 1]]","[[(0, 0), (0, 0)], [(0, 0), (1, 1)]]",40,1000,1.0,0.01,0.01,0.0,0.75,5,1,1.0,1000,200,0.0,1.0,0.0,1.0,5.837,0.295,0.2,0.0,0.05,0.0,0.95,0.95,0.05
"[[1, 0], [0, 1]]","[[(0, 0), (0, 0)], [(0, 0), (1, 1)]]",40,1000,1.0,0.01,0.01,0.0,0.75,5,1,1.0,1000,200,0.0,1.0,0.0,1.0,6.067,0.44,0.55,0.0,0.05,0.05,0.9,0.1,0.9
"[[1, 0], [0, 1]]","[[(0, 0), (0, 0)], [(0, 0), (1, 1)]]",40,1000,1.0,0.01,0.01,0.0,0.75,5,1,1.0,1000,200,0.0,1.0,0.0,1.0,6.539,0.24,0.425,0.0,0.025,0.1,0.875,0.1,0.9
"[[1, 0], [0, 1]]","[[(0, 0), (0, 0)], [(0, 0), (1, 1)]]",40,1000,1.0,0.01,0.01,0.0,0.75,5,1,1.0,1000,200,0.0,1.0,0.0,1.0,26.34,0.859,0.175,0.05,0.025,0.825,0.1,0.82,0.17
"[[1, 0], [0, 1]]","[[(0, 0), (0, 0)], [(0, 0), (1, 1)]]",40,1000,1.0,0.01,0.01,0.0,0.75,5,1,1.0,1000,200,0.0,1.0,0.0,1.0,46.81,1.0,0.0,0.05,0.0,0.95,0.0,0.95,0.05
"[[1, 0], [0, 1]]","[[(0, 0), (0, 0)], [(0, 0), (1, 1)]]",40,1000,1.0,0.01,0.01,0.0,0.75,5,1,1.0,1000,200,0.0,1.0,0.0,1.0,34.318,0.988,0.025,0.025,0.075,0.9,0.0,0.9,0.1
"[[1, 0], [0, 1]]","[[(0, 0), (0, 0)], [(0, 0), (1, 1)]]",40,1000,1.0,0.01,0.01,0.0,0.75,5,1,1.0,1000,200,0.0,1.0,0.0,1.0,51.631,0.141,0.45,0.0,0.0,0.025,0.975,0.03,0.97
"[[1, 0], [0, 1]]","[[(0, 0), (0, 0)], [(0, 0), (1, 1)]]",40,1000,1.0,0.01,0.01,0.0,0.75,5,1,1.0,1000,200,0.0,1.0,0.0,1.0,40.925,0.243,0.15,0.025,0.0,0.025,0.95,0.05,0.95
"[[1, 0], [0, 1]]","[[(0, 0), (0, 0)], [(0, 0), (1, 1)]]",40,1000,1.0,0.01,0.01,0.0,0.75,5,1,1.0,1000,200,0.0,1.0,0.0,1.0,84.577,0.988,1.0,0.0,1.0,0.0,0.0,0.0,1.0
"[[1, 0], [0, 1]]","[[(0, 0), (0, 0)], [(0, 0), (1, 1)]]",40,1000,1.0,0.01,0.01,0.0,0.75,5,1,1.0,1000,200,0.0,1.0,0.0,1.0,84.003,0.991,0.95,0.0,0.95,0.0,0.05,0.05,0.95
"[[1, 0], [0, 1]]","[[(0, 0), (0, 0)], [(0, 0), (1, 1)]]",40,1000,1.0,0.01,0.01,0.0,0.75,5,1,1.0,1000,200,0.0,1.0,0.0,1.0,61.649,0.891,0.15,0.075,0.1,0.775,0.05,0.78,0.23
"[[1, 0], [0, 1]]","[[(0, 0), (0, 0)], [(0, 0), (1, 1)]]",40,1000,1.0,0.01,0.01,0.0,0.75,5,1,1.0,1000,200,0.0,1.0,0.0,1.0,91.522,0.97,0.95,0.025,0.95,0.0,0.025,0.05,0.95
"[[1, 0], [0, 1]]","[[(0, 0), (0, 0)], [(0, 0), (1, 1)]]",40,1000,1.0,0.01,0.01,0.0,0.75,5,1,1.0,1000,200,0.0,1.0,0.0,1.0,92.847,0.974,0.95,0.025,0.95,0.025,0.0,0.05,0.95
"[[1, 0], [0, 1]]","[[(0, 0), (0, 0)], [(0, 0), (1, 1)]]",40,1000,1.0,0.01,0.01,0.0,0.75,5,1,1.0,1000,200,0.0,1.0,0.0,1.0,85.625,0.182,0.675,0.0,0.075,0.0,0.925,0.75,0.25
"[[1, 0], [0, 1]]","[[(0, 0), (0, 0)], [(0, 0), (1, 1)]]",40,1000,1.0,0.01,0.01,0.0,0.75,5,1,1.0,1000,200,0.0,1.0,0.0,1.0,60.255,0.956,0.925,0.025,0.975,0.0,0.0,0.03,0.97
"[[1, 0], [0, 1]]","[[(0, 0), (0, 0)], [(0, 0), (1, 1)]]",40,1000,1.0,0.01,0.01,0.0,0.75,5,1,1.0,1000,200,0.0,1.0,0.0,1.0,57.016,0.161,0.375,0.0,0.0,0.0,1.0,1.0,0.0
"[[1, 0], [0, 1]]","[[(0, 0), (0, 0)], [(0, 0), (1, 1)]]",40,1000,1.0,0.01,0.01,0.0,0.75,5,1,1.0,1000,200,0.0,1.0,0.0,1.0,78.48,0.965,0.95,0.1,0.9,0.0,0.0,0.1,0.9
"[[1, 0], [0, 1]]","[[(0, 0), (0, 0)], [(0, 0), (1, 1)]]",40,1000,1.0,0.01,0.01,0.0,0.75,5,1,1.0,1000,200,0.0,1.0,0.0,1.0,92.394,0.955,0.95,0.0,0.975,0.025,0.0,0.03,0.97
"[[1, 0], [0, 1]]","[[(0, 0), (0, 0)], [(0, 0), (1, 1)]]",40,1000,1.0,0.01,0.01,0.0,0.75,5,1,1.0,1000,200,0.0,1.0,0.0,1.0,92.445,0.976,1.0,0.025,0.95,0.0,0.025,0.05,0.95
"[[1, 0], [0, 1]]","[[(1, 1), (0, 0)], [(0, 0), (0, 1)]]",40,1000,1.0,0.01,0.01,0.0,0.75,5,1,1.0,1000,200,0.0,1.0,0.0,1.0,6.345,0.3,0.55,0.0,0.05,0.025,0.925,0.07,0.93
"[[1, 0], [0, 1]]","[[(1, 1), (0, 0)], [(0, 0), (0, 1)]]",40,1000,1.0,0.01,0.01,0.0,0.75,5,1,1.0,1000,200,0.0,1.0,0.0,1.0,10.856,0.978,0.95,0.0,1.0,0.0,0.0,0.0,1.0
"[[1, 0], [0, 1]]","[[(1, 1), (0, 0)], [(0, 0), (0, 1)]]",40,1000,1.0,0.01,0.01,0.0,0.75,5,1,1.0,1000,200,0.0,1.0,0.0,1.0,31.886,0.976,0.95,0.0,0.975,0.0,0.025,0.03,0.97
"[[1, 0], [0, 1]]","[[(1, 1), (0, 0)], [(0, 0), (0, 1)]]",40,1000,1.0,0.01,0.01,0.0,0.75,5,1,1.0,1000,200,0.0,1.0,0.0,1.0,32.631,0.961,0.05,0.15,0.0,0.85,0.0,0.85,0.15
"[[1, 0], [0, 1]]","[[(1, 1), (0, 0)], [(0, 0), (0, 1)]]",40,1000,1.0,0.01,0.01,0.0,0.75,5,1,1.0,1000,200,0.0,1.0,0.0,1.0,68.324,0.986,0.95,0.0,0.975,0.0,0.025,0.03,0.97
"[[1, 0], [0, 1]]","[[(1, 1), (0, 0)], [(0, 0), (0, 1)]]",40,1000,1.0,0.01,0.01,0.0,0.75,5,1,1.0,1000,200,0.0,1.0,0.0,1.0,82.16,0.993,0.05,0.0,0.05,0.95,0.0,0.95,0.05
"[[1, 0], [0, 1]]","[[(1, 1), (0, 0)], [(0, 0), (0, 1)]]",40,1000,1.0,0.01,0.01,0.0,0.75,5,1,1.0,1000,200,0.0,1.0,0.0,1.0,86.807,0.982,0.05,0.0,0.0,0.975,0.025,0.97,0.03
"[[1, 0], [0, 1]]","[[(1, 1), (0, 0)], [(0, 0), (0, 1)]]",40,1000,1.0,0.01,0.01,0.0,0.75,5,1,1.0,1000,200,0.0,1.0,0.0,1.0,85.221,0.989,0.05,0.025,0.0,0.925,0.05,0.93,0.07
"[[1, 0], [0, 1]]","[[(1, 1), (0, 0)], [(0, 0), (0, 1)]]",40,1000,1.0,0.01,0.01,0.0,0.75,5,1,1.0,1000,200,0.0,1.0,0.0,1.0,92.395,0.96,0.975,0.05,0.95,0.0,0.0,0.05,0.95
"[[1, 0], [0, 1]]","[[(1, 1), (0, 0)], [(0, 0), (0, 1)]]",40,1000,1.0,0.01,0.01,0.0,0.75,5,1,1.0,1000,200,0.0,1.0,0.0,1.0,92.989,0.974,0.075,0.05,0.025,0.9,0.025,0.9,0.1
"[[1, 0], [0, 1]]","[[(1, 1), (0, 0)], [(0, 0), (0, 1)]]",40,1000,1.0,0.01,0.01,0.0,0.75,5,1,1.0,1000,200,0.0,1.0,0.0,1.0,92.429,0.997,0.975,0.025,0.95,0.0,0.025,0.05,0.95
"[[1, 0], [0, 1]]","[[(1, 1), (0, 0)], [(0, 0), (0, 1)]]",40,1000,1.0,0.01,0.01,0.0,0.75,5,1,1.0,1000,200,0.0,1.0,0.0,1.0,92.656,0.986,0.05,0.075,0.025,0.875,0.025,0.88,0.12
"[[1, 0], [0, 1]]","[[(1, 1), (0, 0)], [(0, 0), (0, 1)]]",40,1000,1.0,0.01,0.01,0.0,0.75,5,1,1.0,1000,200,0.0,1.0,0.0,1.0,92.547,0.963,0.025,0.1,0.0,0.9,0.0,0.9,0.1
"[[1, 0], [0, 1]]","[[(1, 1), (0, 0)], [(0, 0), (0, 1)]]",40,1000,1.0,0.01,0.01,0.0,0.75,5,1,1.0,1000,200,0.0,1.0,0.0,1.0,92.245,0.964,0.925,0.0,0.975,0.0,0.025,0.03,0.97
"[[1, 0], [0, 1]]","[[(1, 1), (0, 0)], [(0, 0), (0, 1)]]",40,1000,1.0,0.01,0.01,0.0,0.75,5,1,1.0,1000,200,0.0,1.0,0.0,1.0,92.762,0.986,0.0,0.25,0.0,0.75,0.0,0.75,0.25
"[[1, 0], [0, 1]]","[[(1, 1), (0, 0)], [(0, 0), (0, 1)]]",40,1000,1.0,0.01,0.01,0.0,0.75,5,1,1.0,1000,200,0.0,1.0,0.0,1.0,59.614,0.968,0.975,0.0,1.0,0.0,0.0,0.0,1.0
"[[1, 0], [0, 1]]","[[(1, 1), (0, 0)], [(0, 0), (0, 1)]]",40,1000,1.0,0.01,0.01,0.0,0.75,5,1,1.0,1000,200,0.0,1.0,0.0,1.0,92.484,0.95,0.075,0.1,0.0,0.875,0.025,0.88,0.12
"[[1, 0], [0, 1]]","[[(1, 1), (0, 0)], [(0, 0), (0, 1)]]",40,1000,1.0,0.01,0.01,0.0,0.75,5,1,1.0,1000,200,0.0,1.0,0.0,1.0,92.365,0.96,0.925,0.0,0.95,0.0,0.05,0.05,0.95
"[[1, 0], [0, 1]]","[[(1, 1), (0, 0)], [(0, 0), (0, 1)]]",40,1000,1.0,0.01,0.01,0.0,0.75,5,1,1.0,1000,200,0.0,1.0,0.0,1.0,87.953,0.98,0.025,0.15,0.0,0.825,0.025,0.85,0.15
"[[1, 0], [0, 1]]","[[(1, 1), (0, 0)], [(0, 0), (0, 1)]]",40,1000,1.0,0.01,0.01,0.0,0.75,5,1,1.0,1000,200,0.0,1.0,0.0,1.0,92.662,1.0,0.0,0.0,0.0,1.0,0.0,1.0,0.0
"[[1, 0], [0, 1]]","[[(0, 1), (0, 0)], [(0, 0), (1, 1)]]",40,1000,1.0,0.01,0.01,0.0,0.75,5,1,1.0,1000,200,0.0,1.0,0.0,1.0,6.232,0.215,0.15,0.0,0.025,0.025,0.95,0.05,0.95
"[[1, 0], [0, 1]]","[[(0, 1), (0, 0)], [(0, 0), (1, 1)]]",40,1000,1.0,0.01,0.01,0.0,0.75,5,1,1.0,1000,200,0.0,1.0,0.0,1.0,14.387,1.0,0.05,0.0,0.0,0.85,0.15,0.97,0.03
"[[1, 0], [0, 1]]","[[(0, 1), (0, 0)], [(0, 0), (1, 1)]]",40,1000,1.0,0.01,0.01,0.0,0.75,5,1,1.0,1000,200,0.0,1.0,0.0,1.0,33.625,1.0,0.0,0.025,0.0,0.975,0.0,0.97,0.03
"[[1, 0], [0, 1]]","[[(0, 1), (0, 0)], [(0, 0), (1, 1)]]",40,1000,1.0,0.01,0.01,0.0,0.75,5,1,1.0,1000,200,0.0,1.0,0.0,1.0,44.011,0.946,0.875,0.05,0.925,0.0,0.025,0.07,0.93
"[[1, 0], [0, 1]]","[[(0, 1), (0, 0)], [(0, 0), (1, 1)]]",40,1000,1.0,0.01,0.01,0.0,0.75,5,1,1.0,1000,200,0.0,1.0,0.0,1.0,49.811,1.0,0.0,0.0,0.0,1.0,0.0,1.0,0.0
"[[1, 0], [0, 1]]","[[(0, 1), (0, 0)], [(0, 0), (1, 1)]]",40,1000,1.0,0.01,0.01,0.0,0.75,5,1,1.0,1000,200,0.0,1.0,0.0,1.0,46.581,1.0,0.975,0.05,0.925,0.025,0.0,0.05,0.95
"[[1, 0], [0, 1]]","[[(0, 1), (0, 0)], [(0, 0), (1, 1)]]",40,1000,1.0,0.01,0.01,0.0,0.75,5,1,1.0,1000,200,0.0,1.0,0.0,1.0,60.682,0.254,0.35,0.025,0.05,0.025,0.9,0.9,0.1
"[[1, 0], [0, 1]]","[[(0, 1), (0, 0)], [(0, 0), (1, 1)]]",40,1000,1.0,0.01,0.01,0.0,0.75,5,1,1.0,1000,200,0.0,1.0,0.0,1.0,63.798,1.0,0.0,0.225,0.0,0.775,0.0,0.78,0.23
"[[1, 0], [0, 1]]","[[(0, 1), (0, 0)], [(0, 0), (1, 1)]]",40,1000,1.0,0.01,0.01,0.0,0.75,5,1,1.0,1000,200,0.0,1.0,0.0,1.0,75.816,1.0,0.0,0.175,0.0,0.825,0.0,0.82,0.17
"[[1, 0], [0, 1]]","[[(0, 1), (0, 0)], [(0, 0), (1, 1)]]",40,1000,1.0,0.01,0.01,0.0,0.75,5,1,1.0,1000,200,0.0,1.0,0.0,1.0,89.02,0.948,0.9,0.05,0.95,0.0,0.0,0.03,0.97
"[[1, 0], [0, 1]]","[[(0, 1), (0, 0)], [(0, 0), (1, 1)]]",40,1000,1.0,0.01,0.01,0.0,0.75,5,1,1.0,1000,200,0.0,1.0,0.0,1.0,78.963,0.978,0.975,0.05,0.925,0.0,0.025,0.05,0.95
"[[1, 0], [0, 1]]","[[(0, 1), (0, 0)], [(0, 0), (1, 1)]]",40,1000,1.0,0.01,0.01,0.0,0.75,5,1,1.0,1000,200,0.0,1.0,0.0,1.0,79.544,1.0,0.05,0.0,0.0,0.95,0.05,0.95,0.05
"[[1, 0], [0, 1]]","[[(0, 1), (0, 0)], [(0, 0), (1, 1)]]",40,1000,1.0,0.01,0.01,0.0,0.75,5,1,1.0,1000,200,0.0,1.0,0.0,1.0,92.798,0.974,0.95,0.0,0.95,0.0,0.05,0.03,0.97
"[[1, 0], [0, 1]]","[[(0, 1), (0, 0)], [(0, 0), (1, 1)]]",40,1000,1.0,0.01,0.01,0.0,0.75,5,1,1.0,1000,200,0.0,1.0,0.0,1.0,91.629,0.976,0.95,0.075,0.9,0.0,0.025,0.1,0.9
"[[1, 0], [0, 1]]","[[(0, 1), (0, 0)], [(0, 0), (1, 1)]]",40,1000,1.0,0.01,0.01,0.0,0.75,5,1,1.0,1000,200,0.0,1.0,0.0,1.0,92.686,0.989,0.95,0.025,0.925,0.0,0.05,0.07,0.93
"[[1, 0], [0, 1]]","[[(0, 1), (0, 0)], [(0, 0), (1, 1)]]",40,1000,1.0,0.01,0.01,0.0,0.75,5,1,1.0,1000,200,0.0,1.0,0.0,1.0,46.391,0.977,0.975,0.0,1.0,0.0,0.0,0.0,1.0
"[[1, 0], [0, 1]]","[[(0, 1), (0, 0)], [(0, 0), (1, 1)]]",40,1000,1.0,0.01,0.01,0.0,0.75,5,1,1.0,1000,200,0.0,1.0,0.0,1.0,70.403,0.915,0.85,0.125,0.85,0.0,0.025,0.15,0.85
"[[1, 0], [0, 1]]","[[(0, 1), (0, 0)], [(0, 0), (1, 1)]]",40,1000,1.0,0.01,0.01,0.0,0.75,5,1,1.0,1000,200,0.0,1.0,0.0,1.0,60.385,0.927,0.85,0.1,0.8,0.1,0.0,0.17,0.82
"[[1, 0], [0, 1]]","[[(0, 1), (0, 0)], [(0, 0), (1, 1)]]",40,1000,1.0,0.01,0.01,0.0,0.75,5,1,1.0,1000,200,0.0,1.0,0.0,1.0,53.569,0.939,0.925,0.125,0.875,0.0,0.0,0.12,0.88
"[[1, 0], [0, 1]]","[[(0, 1), (0, 0)], [(0, 0), (1, 1)]]",40,1000,1.0,0.01,0.01,0.0,0.75,5,1,1.0,1000,200,0.0,1.0,0.0,1.0,92.858,0.981,0.95,0.025,0.95,0.0,0.025,0.05,0.95
"[[1, 0], [0, 1]]","[[(1, 0), (0, 0)], [(0, 0), (1, 1)]]",40,1000,1.0,0.01,0.01,0.0,0.75,5,1,1.0,1000,200,0.0,1.0,0.0,1.0,6.663,0.158,0.375,0.0,0.0,0.0,1.0,1.0,0.0
"[[1, 0], [0, 1]]","[[(1, 0), (0, 0)], [(0, 0), (1, 1)]]",40,1000,1.0,0.01,0.01,0.0,0.75,5,1,1.0,1000,200,0.0,1.0,0.0,1.0,39.279,0.163,0.45,0.0,0.025,0.025,0.95,0.95,0.05
"[[1, 0], [0, 1]]","[[(1, 0), (0, 0)], [(0, 0), (1, 1)]]",40,1000,1.0,0.01,0.01,0.0,0.75,5,1,1.0,1000,200,0.0,1.0,0.0,1.0,44.599,0.98,1.0,0.05,0.95,0.0,0.0,0.05,0.95
"[[1, 0], [0, 1]]","[[(1, 0), (0, 0)], [(0, 0), (1, 1)]]",40,1000,1.0,0.01,0.01,0.0,0.75,5,1,1.0,1000,200,0.0,1.0,0.0,1.0,75.961,0.978,0.95,0.0,0.975,0.0,0.025,0.03,0.97
"[[1, 0], [0, 1]]","[[(1, 0), (0, 0)], [(0, 0), (1, 1)]]",40,1000,1.0,0.01,0.01,0.0,0.75,5,1,1.0,1000,200,0.0,1.0,0.0,1.0,83.103,0.96,0.975,0.025,0.95,0.0,0.025,0.05,0.95
"[[1, 0], [0, 1]]","[[(1, 0), (0, 0)], [(0, 0), (1, 1)]]",40,1000,1.0,0.01,0.01,0.0,0.75,5,1,1.0,1000,200,0.0,1.0,0.0,1.0,87.344,0.956,0.95,0.025,0.925,0.0,0.05,0.07,0.93
"[[1, 0], [0, 1]]","[[(1, 0), (0, 0)], [(0, 0), (1, 1)]]",40,1000,1.0,0.01,0.01,0.0,0.75,5,1,1.0,1000,200,0.0,1.0,0.0,1.0,92.015,0.965,0.05,0.075,0.0,0.925,0.0,0.93,0.07
"[[1, 0], [0, 1]]","[[(1, 0), (0, 0)], [(0, 0), (1, 1)]]",40,1000,1.0,0.01,0.01,0.0,0.75,5,1,1.0,1000,200,0.0,1.0,0.0,1.0,90.737,0.969,0.05,0.0,0.0,0.95,0.05,0.95,0.05
"[[1, 0], [0, 1]]","[[(1, 0), (0, 0)], [(0, 0), (1, 1)]]",40,1000,1.0,0.01,0.01,0.0,0.75,5,1,1.0,1000,200,0.0,1.0,0.0,1.0,91.928,0.961,0.0,0.125,0.0,0.875,0.0,0.88,0.12
"[[1, 0], [0, 1]]","[[(1, 0), (0, 0)], [(0, 0), (1, 1)]]",40,1000,1.0,0.01,0.01,0.0,0.75,5,1,1.0,1000,200,0.0,1.0,0.0,1.0,92.306,0.994,0.975,0.025,0.95,0.025,0.0,0.05,0.95
"[[1, 0], [0, 1]]","[[(1, 0), (0, 0)], [(0, 0), (1, 1)]]",40,1000,1.0,0.01,0.01,0.0,0.75,5,1,1.0,1000,200,0.0,1.0,0.0,1.0,91.578,0.966,0.95,0.0,1.0,0.0,0.0,0.0,1.0
"[[1, 0], [0, 1]]","[[(1, 0), (0, 0)], [(0, 0), (1, 1)]]",40,1000,1.0,0.01,0.01,0.0,0.75,5,1,1.0,1000,200,0.0,1.0,0.0,1.0,92.376,0.988,0.075,0.0,0.0,0.925,0.075,0.93,0.07
"[[1, 0], [0, 1]]","[[(1, 0), (0, 0)], [(0, 0), (1, 1)]]",40,1000,1.0,0.01,0.01,0.0,0.75,5,1,1.0,1000,200,0.0,1.0,0.0,1.0,92.647,0.975,0.95,0.0,1.0,0.0,0.0,0.0,1.0
"[[1, 0], [0, 1]]","[[(1, 0), (0, 0)], [(0, 0), (1, 1)]]",40,1000,1.0,0.01,0.01,0.0,0.75,5,1,1.0,1000,200,0.0,1.0,0.0,1.0,91.964,0.982,0.025,0.05,0.0,0.95,0.0,0.95,0.05
"[[1, 0], [0, 1]]","[[(1, 0), (0, 0)], [(0, 0), (1, 1)]]",40,1000,1.0,0.01,0.01,0.0,0.75,5,1,1.0,1000,200,0.0,1.0,0.0,1.0,92.214,0.955,0.075,0.0,0.025,0.95,0.025,0.95,0.05
"[[1, 0], [0, 1]]","[[(1, 0), (0, 0)], [(0, 0), (1, 1)]]",40,1000,1.0,0.01,0.01,0.0,0.75,5,1,1.0,1000,200,0.0,1.0,0.0,1.0,84.28,0.982,0.025,0.025,0.0,0.975,0.0,0.97,0.03
"[[1, 0], [0, 1]]","[[(1, 0), (0, 0)], [(0, 0), (1, 1)]]",40,1000,1.0,0.01,0.01,0.0,0.75,5,1,1.0,1000,200,0.0,1.0,0.0,1.0,92.66,0.954,0.925,0.05,0.9,0.0,0.05,0.1,0.9
"[[1, 0], [0, 1]]","[[(1, 0), (0, 0)], [(0, 0), (1, 1)]]",40,1000,1.0,0.01,0.01,0.0,0.75,5,1,1.0,1000,200,0.0,1.0,0.0,1.0,70.293,0.985,0.95,0.0,0.975,0.0,0.025,0.03,0.97
"[[1, 0], [0, 1]]","[[(1, 0), (0, 0)], [(0, 0), (1, 1)]]",40,1000,1.0,0.01,0.01,0.0,0.75,5,1,1.0,1000,200,0.0,1.0,0.0,1.0,73.822,0.936,0.95,0.075,0.925,0.0,0.0,0.07,0.93
"[[1, 0], [0, 1]]","[[(1, 0), (0, 0)], [(0, 0), (1, 1)]]",40,1000,1.0,0.01,0.01,0.0,0.75,5,1,1.0,1000,200,0.0,1.0,0.0,1.0,91.849,0.974,0.05,0.075,0.0,0.9,0.025,0.9,0.1
"[[1, 0], [0, 1]]","[[(0, 1), (0, 0)], [(1, 0), (0, 1)]]",40,1000,1.0,0.01,0.01,0.0,0.75,5,1,1.0,1000,200,0.0,1.0,0.0,1.0,6.06,0.19,0.2,0.0,0.0,0.1,0.9,0.1,0.9
"[[1, 0], [0, 1]]","[[(0, 1), (0, 0)], [(1, 0), (0, 1)]]",40,1000,1.0,0.01,0.01,0.0,0.75,5,1,1.0,1000,200,0.0,1.0,0.0,1.0,6.098,0.179,0.4,0.025,0.05,0.0,0.925,0.07,0.93
"[[1, 0], [0, 1]]","[[(0, 1), (0, 0)], [(1, 0), (0, 1)]]",40,1000,1.0,0.01,0.01,0.0,0.75,5,1,1.0,1000,200,0.0,1.0,0.0,1.0,6.458,0.225,0.725,0.025,0.025,0.0,0.95,0.95,0.05
"[[1, 0], [0, 1]]","[[(0, 1), (0, 0)], [(1, 0), (0, 1)]]",40,1000,1.0,0.01,0.01,0.0,0.75,5,1,1.0,1000,200,0.0,1.0,0.0,1.0,13.585,0.315,0.4,0.025,0.05,0.0,0.925,0.93,0.07
"[[1, 0], [0, 1]]","[[(0, 1), (0, 0)], [(1, 0), (0, 1)]]",40,1000,1.0,0.01,0.01,0.0,0.75,5,1,1.0,1000,200,0.0,1.0,0.0,1.0,57.557,0.98,0.95,0.05,0.925,0.025,0.0,0.07,0.93
"[[1, 0], [0, 1]]","[[(0, 1), (0, 0)], [(1, 0), (0, 1)]]",40,1000,1.0,0.01,0.01,0.0,0.75,5,1,1.0,1000,200,0.0,1.0,0.0,1.0,64.266,0.978,0.95,0.0,0.975,0.0,0.025,0.03,0.97
"[[1, 0], [0, 1]]","[[(0, 1), (0, 0)], [(1, 0), (0, 1)]]",40,1000,1.0,0.01,0.01,0.0,0.75,5,1,1.0,1000,200,0.0,1.0,0.0,1.0,65.055,0.981,0.975,0.2,0.8,0.0,0.0,0.03,0.97
"[[1, 0], [0, 1]]","[[(0, 1), (0, 0)], [(1, 0), (0, 1)]]",40,1000,1.0,0.01,0.01,0.0,0.75,5,1,1.0,1000,200,0.0,1.0,0.0,1.0,72.509,0.981,0.95,0.0,0.975,0.025,0.0,0.03,0.97
"[[1, 0], [0, 1]]","[[(0, 1), (0, 0)], [(1, 0), (0, 1)]]",40,1000,1.0,0.01,0.01,0.0,0.75,5,1,1.0,1000,200,0.0,1.0,0.0,1.0,91.769,0.938,0.9,0.075,0.875,0.05,0.0,0.12,0.88
"[[1, 0], [0, 1]]","[[(0, 1), (0, 0)], [(1, 0), (0, 1)]]",40,1000,1.0,0.01,0.01,0.0,0.75,5,1,1.0,1000,200,0.0,1.0,0.0,1.0,92.375,0.993,1.0,0.025,0.975,0.0,0.0,0.03,0.97
"[[1, 0], [0, 1]]","[[(0, 1), (0, 0)], [(1, 0), (0, 1)]]",40,1000,1.0,0.01,0.01,0.0,0.75,5,1,1.0,1000,200,0.0,1.0,0.0,1.0,92.098,0.961,0.975,0.075,0.925,0.0,0.0,0.07,0.93
"[[1, 0], [0, 1]]","[[(0, 1), (0, 0)], [(1, 0), (0, 1)]]",40,1000,1.0,0.01,0.01,0.0,0.75,5,1,1.0,1000,200,0.0,1.0,0.0,1.0,92.427,0.982,0.975,0.025,0.975,0.0,0.0,0.03,0.97
"[[1, 0], [0, 1]]","[[(0, 1), (0, 0)], [(1, 0), (0, 1)]]",40,1000,1.0,0.01,0.01,0.0,0.75,5,1,1.0,1000,200,0.0,1.0,0.0,1.0,92.336,0.979,0.975,0.05,0.95,0.0,0.0,0.03,0.97
"[[1, 0], [0, 1]]","[[(0, 1), (0, 0)], [(1, 0), (0, 1)]]",40,1000,1.0,0.01,0.01,0.0,0.75,5,1,1.0,1000,200,0.0,1.0,0.0,1.0,92.539,0.989,1.0,0.0,1.0,0.0,0.0,0.0,1.0
"[[1, 0], [0, 1]]","[[(0, 1), (0, 0)], [(1, 0), (0, 1)]]",40,1000,1.0,0.01,0.01,0.0,0.75,5,1,1.0,1000,200,0.0,1.0,0.0,1.0,92.63,0.975,1.0,0.025,0.975,0.0,0.0,0.03,0.97
"[[1, 0], [0, 1]]","[[(0, 1), (0, 0)], [(1, 0), (0, 1)]]",40,1000,1.0,0.01,0.01,0.0,0.75,5,1,1.0,1000,200,0.0,1.0,0.0,1.0,6.992,0.235,0.625,0.025,0.0,0.05,0.925,0.93,0.07
"[[1, 0], [0, 1]]","[[(0, 1), (0, 0)], [(1, 0), (0, 1)]]",40,1000,1.0,0.01,0.01,0.0,0.75,5,1,1.0,1000,200,0.0,1.0,0.0,1.0,5.78,0.415,0.275,0.0,0.075,0.0,0.925,0.93,0.07
"[[1, 0], [0, 1]]","[[(0, 1), (0, 0)], [(1, 0), (0, 1)]]",40,1000,1.0,0.01,0.01,0.0,0.75,5,1,1.0,1000,200,0.0,1.0,0.0,1.0,5.789,0.19,0.225,0.0,0.05,0.0,0.95,0.05,0.95
"[[1, 0], [0, 1]]","[[(0, 1), (0, 0)], [(1, 0), (0, 1)]]",40,1000,1.0,0.01,0.01,0.0,0.75,5,1,1.0,1000,200,0.0,1.0,0.0,1.0,6.04,0.171,0.725,0.0,0.025,0.0,0.975,0.03,0.97
"[[1, 0], [0, 1]]","[[(0, 1), (0, 0)], [(1, 0), (0, 1)]]",40,1000,1.0,0.01,0.01,0.0,0.75,5,1,1.0,1000,200,0.0,1.0,0.0,1.0,84.936,0.953,0.95,0.0,1.0,0.0,0.0,0.0,1.0
"[[1, 0], [0, 1]]","[[(0, 1), (0, 0)], [(0, 1), (0, 1)]]",40,1000,1.0,0.01,0.01,0.0,0.75,5,1,1.0,1000,200,0.0,1.0,0.0,1.0,5.772,0.48,0.75,0.025,0.0,0.0,0.975,0.03,0.97
"[[1, 0], [0, 1]]","[[(0, 1), (0, 0)], [(0, 1), (0, 1)]]",40,1000,1.0,0.01,0.01,0.0,0.75,5,1,1.0,1000,200,0.0,1.0,0.0,1.0,6.006,0.199,0.675,0.025,0.0,0.05,0.925,0.93,0.07
"[[1, 0], [0, 1]]","[[(0, 1), (0, 0)], [(0, 1), (0, 1)]]",40,1000,1.0,0.01,0.01,0.0,0.75,5,1,1.0,1000,200,0.0,1.0,0.0,1.0,18.268,1.0,0.0,0.0,0.0,1.0,0.0,1.0,0.0
"[[1, 0], [0, 1]]","[[(0, 1), (0, 0)], [(0, 1), (0, 1)]]",40,1000,1.0,0.01,0.01,0.0,0.75,5,1,1.0,1000,200,0.0,1.0,0.0,1.0,36.14,1.0,0.0,0.0,0.0,1.0,0.0,1.0,0.0
"[[1, 0], [0, 1]]","[[(0, 1), (0, 0)], [(0, 1), (0, 1)]]",40,1000,1.0,0.01,0.01,0.0,0.75,5,1,1.0,1000,200,0.0,1.0,0.0,1.0,35.216,0.139,0.45,0.0,0.0,0.0,1.0,0.0,1.0
"[[1, 0], [0, 1]]","[[(0, 1), (0, 0)], [(0, 1), (0, 1)]]",40,1000,1.0,0.01,0.01,0.0,0.75,5,1,1.0,1000,200,0.0,1.0,0.0,1.0,65.614,0.999,1.0,0.0,1.0,0.0,0.0,0.0,1.0
"[[1, 0], [0, 1]]","[[(0, 1), (0, 0)], [(0, 1), (0, 1)]]",40,1000,1.0,0.01,0.01,0.0,0.75,5,1,1.0,1000,200,0.0,1.0,0.0,1.0,61.202,0.161,0.3,0.05,0.0,0.025,0.925,0.07,0.93
"[[1, 0], [0, 1]]","[[(0, 1), (0, 0)], [(0, 1), (0, 1)]]",40,1000,1.0,0.01,0.01,0.0,0.75,5,1,1.0,1000,200,0.0,1.0,0.0,1.0,84.235,0.986,1.0,0.0,1.0,0.0,0.0,0.0,1.0
"[[1, 0], [0, 1]]","[[(0, 1), (0, 0)], [(0, 1), (0, 1)]]",40,1000,1.0,0.01,0.01,0.0,0.75,5,1,1.0,1000,200,0.0,1.0,0.0,1.0,90.728,0.968,0.925,0.0,0.975,0.025,0.0,0.03,0.97
"[[1, 0], [0, 1]]","[[(0, 1), (0, 0)], [(0, 1), (0, 1)]]",40,1000,1.0,0.01,0.01,0.0,0.75,5,1,1.0,1000,200,0.0,1.0,0.0,1.0,92.38,0.986,0.95,0.0,0.975,0.0,0.025,0.03,0.97
"[[1, 0], [0, 1]]","[[(0, 1), (0, 0)], [(0, 1), (0, 1)]]",40,1000,1.0,0.01,0.01,0.0,0.75,5,1,1.0,1000,200,0.0,1.0,0.0,1.0,90.173,1.0,0.05,0.0,0.025,0.95,0.025,0.95,0.05
"[[1, 0], [0, 1]]","[[(0, 1), (0, 0)], [(0, 1), (0, 1)]]",40,1000,1.0,0.01,0.01,0.0,0.75,5,1,1.0,1000,200,0.0,1.0,0.0,1.0,78.922,1.0,0.025,0.0,0.0,0.975,0.025,0.97,0.03
"[[1, 0], [0, 1]]","[[(0, 1), (0, 0)], [(0, 1), (0, 1)]]",40,1000,1.0,0.01,0.01,0.0,0.75,5,1,1.0,1000,200,0.0,1.0,0.0,1.0,92.256,0.989,1.0,0.0,1.0,0.0,0.0,0.0,1.0
"[[1, 0], [0, 1]]","[[(0, 1), (0, 0)], [(0, 1), (0, 1)]]",40,1000,1.0,0.01,0.01,0.0,0.75,5,1,1.0,1000,200,0.0,1.0,0.0,1.0,92.302,0.988,0.975,0.0,1.0,0.0,0.0,0.0,1.0
"[[1, 0], [0, 1]]","[[(0, 1), (0, 0)], [(0, 1), (0, 1)]]",40,1000,1.0,0.01,0.01,0.0,0.75,5,1,1.0,1000,200,0.0,1.0,0.0,1.0,92.226,0.98,0.975,0.025,0.975,0.0,0.0,0.03,0.97
"[[1, 0], [0, 1]]","[[(0, 1), (0, 0)], [(0, 1), (0, 1)]]",40,1000,1.0,0.01,0.01,0.0,0.75,5,1,1.0,1000,200,0.0,1.0,0.0,1.0,6.301,0.217,0.725,0.025,0.0,0.0,0.975,0.97,0.03
"[[1, 0], [0, 1]]","[[(0, 1), (0, 0)], [(0, 1), (0, 1)]]",40,1000,1.0,0.01,0.01,0.0,0.75,5,1,1.0,1000,200,0.0,1.0,0.0,1.0,26.731,0.215,0.225,0.025,0.05,0.0,0.925,0.07,0.93
"[[1, 0], [0, 1]]","[[(0, 1), (0, 0)], [(0, 1), (0, 1)]]",40,1000,1.0,0.01,0.01,0.0,0.75,5,1,1.0,1000,200,0.0,1.0,0.0,1.0,89.221,0.975,0.95,0.0,1.0,0.0,0.0,0.0,1.0
"[[1, 0], [0, 1]]","[[(0, 1), (0, 0)], [(0, 1), (0, 1)]]",40,1000,1.0,0.01,0.01,0.0,0.75,5,1,1.0,1000,200,0.0,1.0,0.0,1.0,92.336,0.981,0.925,0.0,0.95,0.025,0.025,0.03,0.97
"[[1, 0], [0, 1]]","[[(0, 1), (0, 0)], [(0, 1), (0, 1)]]",40,1000,1.0,0.01,0.01,0.0,0.75,5,1,1.0,1000,200,0.0,1.0,0.0,1.0,92.66,0.976,0.975,0.0,1.0,0.0,0.0,0.0,1.0
"[[1, 0], [0, 1]]","[[(0, 1), (1, 0)], [(0, 0), (0, 1)]]",40,1000,1.0,0.01,0.01,0.0,0.75,5,1,1.0,1000,200,0.0,1.0,0.0,1.0,6.346,0.346,0.25,0.05,0.05,0.0,0.9,0.07,0.93
"[[1, 0], [0, 1]]","[[(0, 1), (1, 0)], [(0, 0), (0, 1)]]",40,1000,1.0,0.01,0.01,0.0,0.75,5,1,1.0,1000,200,0.0,1.0,0.0,1.0,30.387,1.0,1.0,0.0,1.0,0.0,0.0,0.0,1.0
"[[1, 0], [0, 1]]","[[(0, 1), (1, 0)], [(0, 0), (0, 1)]]",40,1000,1.0,0.01,0.01,0.0,0.75,5,1,1.0,1000,200,0.0,1.0,0.0,1.0,35.007,0.981,0.975,0.0,0.975,0.0,0.025,0.03,0.97
"[[1, 0], [0, 1]]","[[(0, 1), (1, 0)], [(0, 0), (0, 1)]]",40,1000,1.0,0.01,0.01,0.0,0.75,5,1,1.0,1000,200,0.0,1.0,0.0,1.0,55.938,0.996,1.0,0.0,1.0,0.0,0.0,0.0,1.0
"[[1, 0], [0, 1]]","[[(0, 1), (1, 0)], [(0, 0), (0, 1)]]",40,1000,1.0,0.01,0.01,0.0,0.75,5,1,1.0,1000,200,0.0,1.0,0.0,1.0,59.158,0.367,0.35,0.0,0.025,0.175,0.8,0.85,0.15
"[[1, 0], [0, 1]]","[[(0, 1), (1, 0)], [(0, 0), (0, 1)]]",40,1000,1.0,0.01,0.01,0.0,0.75,5,1,1.0,1000,200,0.0,1.0,0.0,1.0,53.341,0.976,1.0,0.05,0.95,0.0,0.0,0.05,0.95
"[[1, 0], [0, 1]]","[[(0, 1), (1, 0)], [(0, 0), (0, 1)]]",40,1000,1.0,0.01,0.01,0.0,0.75,5,1,1.0,1000,200,0.0,1.0,0.0,1.0,65.621,0.914,0.925,0.0,1.0,0.0,0.0,0.0,1.0
"[[1, 0], [0, 1]]","[[(0, 1), (1, 0)], [(0, 0), (0, 1)]]",40,1000,1.0,0.01,0.01,0.0,0.75,5,1,1.0,1000,200,0.0,1.0,0.0,1.0,65.798,0.988,0.975,0.025,0.975,0.0,0.0,0.0,1.0
"[[1, 0], [0, 1]]","[[(0, 1), (1, 0)], [(0, 0), (0, 1)]]",40,1000,1.0,0.01,0.01,0.0,0.75,5,1,1.0,1000,200,0.0,1.0,0.0,1.0,56.113,0.301,0.4,0.025,0.1,0.0,0.875,0.88,0.12
"[[1, 0], [0, 1]]","[[(0, 1), (1, 0)], [(0, 0), (0, 1)]]",40,1000,1.0,0.01,0.01,0.0,0.75,5,1,1.0,1000,200,0.0,1.0,0.0,1.0,79.289,0.925,0.925,0.0,0.975,0.0,0.025,0.03,0.97
"[[1, 0], [0, 1]]","[[(0, 1), (1, 0)], [(0, 0), (0, 1)]]",40,1000,1.0,0.01,0.01,0.0,0.75,5,1,1.0,1000,200,0.0,1.0,0.0,1.0,75.192,0.269,0.3,0.05,0.025,0.025,0.9,0.1,0.9
"[[1, 0], [0, 1]]","[[(0, 1), (1, 0)], [(0, 0), (0, 1)]]",40,1000,1.0,0.01,0.01,0.0,0.75,5,1,1.0,1000,200,0.0,1.0,0.0,1.0,77.865,0.981,0.95,0.0,0.95,0.0,0.05,0.05,0.95
"[[1, 0], [0, 1]]","[[(0, 1), (1, 0)], [(0, 0), (0, 1)]]",40,1000,1.0,0.01,0.01,0.0,0.75,5,1,1.0,1000,200,0.0,1.0,0.0,1.0,84.915,0.887,0.9,0.025,0.95,0.0,0.025,0.05,0.95
"[[1, 0], [0, 1]]","[[(0, 1), (1, 0)], [(0, 0), (0, 1)]]",40,1000,1.0,0.01,0.01,0.0,0.75,5,1,1.0,1000,200,0.0,1.0,0.0,1.0,92.085,0.944,0.925,0.075,0.925,0.0,0.0,0.07,0.93
"[[1, 0], [0, 1]]","[[(0, 1), (1, 0)], [(0, 0), (0, 1)]]",40,1000,1.0,0.01,0.01,0.0,0.75,5,1,1.0,1000,200,0.0,1.0,0.0,1.0,92.009,0.995,1.0,0.0,1.0,0.0,0.0,0.0,1.0
"[[1, 0], [0, 1]]","[[(0, 1), (1, 0)], [(0, 0), (0, 1)]]",40,1000,1.0,0.01,0.01,0.0,0.75,5,1,1.0,1000,200,0.0,1.0,0.0,1.0,15.16,0.978,0.925,0.0,0.95,0.05,0.0,0.05,0.95
"[[1, 0], [0, 1]]","[[(0, 1), (1, 0)], [(0, 0), (0, 1)]]",40,1000,1.0,0.01,0.01,0.0,0.75,5,1,1.0,1000,200,0.0,1.0,0.0,1.0,44.308,0.988,1.0,0.0,0.975,0.0,0.025,0.03,0.97
"[[1, 0], [0, 1]]","[[(0, 1), (1, 0)], [(0, 0), (0, 1)]]",40,1000,1.0,0.01,0.01,0.0,0.75,5,1,1.0,1000,200,0.0,1.0,0.0,1.0,78.464,1.0,0.025,0.025,0.0,0.95,0.025,0.95,0.05
"[[1, 0], [0, 1]]","[[(0, 1), (1, 0)], [(0, 0), (0, 1)]]",40,1000,1.0,0.01,0.01,0.0,0.75,5,1,1.0,1000,200,0.0,1.0,0.0,1.0,63.676,0.971,0.95,0.0,1.0,0.0,0.0,0.0,1.0
"[[1, 0], [0, 1]]","[[(0, 1), (1, 0)], [(0, 0), (0, 1)]]",40,1000,1.0,0.01,0.01,0.0,0.75,5,1,1.0,1000,200,0.0,1.0,0.0,1.0,92.402,0.969,0.95,0.025,0.95,0.0,0.025,0.05,0.95
"[[1, 0], [0, 1]]","[[(0, 1), (0, 1)], [(0, 0), (0, 1)]]",40,1000,1.0,0.01,0.01,0.0,0.75,5,1,1.0,1000,200,0.0,1.0,0.0,1.0,7.061,0.239,0.35,0.0,0.0,0.175,0.825,0.17,0.82
"[[1, 0], [0, 1]]","[[(0, 1), (0, 1)], [(0, 0), (0, 1)]]",40,1000,1.0,0.01,0.01,0.0,0.75,5,1,1.0,1000,200,0.0,1.0,0.0,1.0,6.367,0.293,0.25,0.05,0.1,0.05,0.8,0.2,0.8
"[[1, 0], [0, 1]]","[[(0, 1), (0, 1)], [(0, 0), (0, 1)]]",40,1000,1.0,0.01,0.01,0.0,0.75,5,1,1.0,1000,200,0.0,1.0,0.0,1.0,6.226,0.14,0.325,0.0,0.025,0.05,0.925,0.07,0.93
"[[1, 0], [0, 1]]","[[(0, 1), (0, 1)], [(0, 0), (0, 1)]]",40,1000,1.0,0.01,0.01,0.0,0.75,5,1,1.0,1000,200,0.0,1.0,0.0,1.0,27.746,1.0,0.975,0.0,0.975,0.025,0.0,0.03,0.97
"[[1, 0], [0, 1]]","[[(0, 1), (0, 1)], [(0, 0), (0, 1)]]",40,1000,1.0,0.01,0.01,0.0,0.75,5,1,1.0,1000,200,0.0,1.0,0.0,1.0,40.639,0.931,0.925,0.0,0.975,0.0,0.025,0.03,0.97
"[[1, 0], [0, 1]]","[[(0, 1), (0, 1)], [(0, 0), (0, 1)]]",40,1000,1.0,0.01,0.01,0.0,0.75,5,1,1.0,1000,200,0.0,1.0,0.0,1.0,47.953,0.997,0.95,0.0,0.95,0.05,0.0,0.05,0.95
"[[1, 0], [0, 1]]","[[(0, 1), (0, 1)], [(0, 0), (0, 1)]]",40,1000,1.0,0.01,0.01,0.0,0.75,5,1,1.0,1000,200,0.0,1.0,0.0,1.0,56.369,1.0,0.95,0.0,0.95,0.05,0.0,0.05,0.95
"[[1, 0], [0, 1]]","[[(0, 1), (0, 1)], [(0, 0), (0, 1)]]",40,1000,1.0,0.01,0.01,0.0,0.75,5,1,1.0,1000,200,0.0,1.0,0.0,1.0,55.944,0.851,0.225,0.025,0.075,0.725,0.175,0.9,0.1
"[[1, 0], [0, 1]]","[[(0, 1), (0, 1)], [(0, 0), (0, 1)]]",40,1000,1.0,0.01,0.01,0.0,0.75,5,1,1.0,1000,200,0.0,1.0,0.0,1.0,68.966,0.999,0.975,0.0,0.975,0.0,0.025,0.03,0.97
"[[1, 0], [0, 1]]","[[(0, 1), (0, 1)], [(0, 0), (0, 1)]]",40,1000,1.0,0.01,0.01,0.0,0.75,5,1,1.0,1000,200,0.0,1.0,0.0,1.0,45.183,1.0,0.975,0.0,0.975,0.0,0.025,0.03,0.97
"[[1, 0], [0, 1]]","[[(0, 1), (0, 1)], [(0, 0), (0, 1)]]",40,1000,1.0,0.01,0.01,0.0,0.75,5,1,1.0,1000,200,0.0,1.0,0.0,1.0,82.5,1.0,0.975,0.0,0.975,0.025,0.0,0.03,0.97
"[[1, 0], [0, 1]]","[[(0, 1), (0, 1)], [(0, 0), (0, 1)]]",40,1000,1.0,0.01,0.01,0.0,0.75,5,1,1.0,1000,200,0.0,1.0,0.0,1.0,91.637,1.0,0.925,0.0,0.925,0.025,0.05,0.07,0.93
"[[1, 0], [0, 1]]","[[(0, 1), (0, 1)], [(0, 0), (0, 1)]]",40,1000,1.0,0.01,0.01,0.0,0.75,5,1,1.0,1000,200,0.0,1.0,0.0,1.0,83.306,0.99,0.975,0.025,0.95,0.0,0.025,0.05,0.95
"[[1, 0], [0, 1]]","[[(0, 1), (0, 1)], [(0, 0), (0, 1)]]",40,1000,1.0,0.01,0.01,0.0,0.75,5,1,1.0,1000,200,0.0,1.0,0.0,1.0,93.368,1.0,0.975,0.0,0.975,0.025,0.0,0.03,0.97
"[[1, 0], [0, 1]]","[[(0, 1), (0, 1)], [(0, 0), (0, 1)]]",40,1000,1.0,0.01,0.01,0.0,0.75,5,1,1.0,1000,200,0.0,1.0,0.0,1.0,94.077,1.0,1.0,0.0,1.0,0.0,0.0,0.0,1.0
"[[1, 0], [0, 1]]","[[(0, 1), (0, 1)], [(0, 0), (0, 1)]]",40,1000,1.0,0.01,0.01,0.0,0.75,5,1,1.0,1000,200,0.0,1.0,0.0,1.0,6.585,0.201,0.35,0.025,0.0,0.075,0.9,0.1,0.9
"[[1, 0], [0, 1]]","[[(0, 1), (0, 1)], [(0, 0), (0, 1)]]",40,1000,1.0,0.01,0.01,0.0,0.75,5,1,1.0,1000,200,0.0,1.0,0.0,1.0,94.383,1.0,0.95,0.0,0.95,0.0,0.05,0.05,0.95
"[[1, 0], [0, 1]]","[[(0, 1), (0, 1)], [(0, 0), (0, 1)]]",40,1000,1.0,0.01,0.01,0.0,0.75,5,1,1.0,1000,200,0.0,1.0,0.0,1.0,73.247,1.0,1.0,0.0,1.0,0.0,0.0,0.0,1.0
"[[1, 0], [0, 1]]","[[(0, 1), (0, 1)], [(0, 0), (0, 1)]]",40,1000,1.0,0.01,0.01,0.0,0.75,5,1,1.0,1000,200,0.0,1.0,0.0,1.0,91.381,0.972,0.95,0.0,0.975,0.025,0.0,0.03,0.97
"[[1, 0], [0, 1]]","[[(0, 1), (0, 1)], [(0, 0), (0, 1)]]",40,1000,1.0,0.01,0.01,0.0,0.75,5,1,1.0,1000,200,0.0,1.0,0.0,1.0,93.837,0.997,1.0,0.025,0.975,0.0,0.0,0.03,0.97
"[[1, 0], [0, 1]]","[[(0, 1), (0, 0)], [(0, 0), (0, 1)]]",40,1000,1.0,0.01,0.01,0.0,0.75,5,1,1.0,1000,200,0.0,1.0,0.0,1.0,7.797,0.984,0.975,0.0,1.0,0.0,0.0,0.0,1.0
"[[1, 0], [0, 1]]","[[(0, 1), (0, 0)], [(0, 0), (0, 1)]]",40,1000,1.0,0.01,0.01,0.0,0.75,5,1,1.0,1000,200,0.0,1.0,0.0,1.0,6.446,0.267,0.25,0.025,0.05,0.0,0.925,0.03,0.97
"[[1, 0], [0, 1]]","[[(0, 1), (0, 0)], [(0, 0), (0, 1)]]",40,1000,1.0,0.01,0.01,0.0,0.75,5,1,1.0,1000,200,0.0,1.0,0.0,1.0,13.056,0.966,1.0,0.0,0.975,0.025,0.0,0.03,0.97
"[[1, 0], [0, 1]]","[[(0, 1), (0, 0)], [(0, 0), (0, 1)]]",40,1000,1.0,0.01,0.01,0.0,0.75,5,1,1.0,1000,200,0.0,1.0,0.0,1.0,5.935,0.169,0.575,0.0,0.0,0.025,0.975,0.97,0.03
"[[1, 0], [0, 1]]","[[(0, 1), (0, 0)], [(0, 0), (0, 1)]]",40,1000,1.0,0.01,0.01,0.0,0.75,5,1,1.0,1000,200,0.0,1.0,0.0,1.0,10.294,0.191,0.375,0.0,0.0,0.125,0.875,0.12,0.88
"[[1, 0], [0, 1]]","[[(0, 1), (0, 0)], [(0, 0), (0, 1)]]",40,1000,1.0,0.01,0.01,0.0,0.75,5,1,1.0,1000,200,0.0,1.0,0.0,1.0,25.778,0.978,0.975,0.05,0.95,0.0,0.0,0.05,0.95
"[[1, 0], [0, 1]]","[[(0, 1), (0, 0)], [(0, 0), (0, 1)]]",40,1000,1.0,0.01,0.01,0.0,0.75,5,1,1.0,1000,200,0.0,1.0,0.0,1.0,41.167,0.97,0.975,0.025,0.975,0.0,0.0,0.03,0.97
"[[1, 0], [0, 1]]","[[(0, 1), (0, 0)], [(0, 0), (0, 1)]]",40,1000,1.0,0.01,0.01,0.0,0.75,5,1,1.0,1000,200,0.0,1.0,0.0,1.0,47.721,0.978,0.95,0.025,0.975,0.0,0.0,0.03,0.97
"[[1, 0], [0, 1]]","[[(0, 1), (0, 0)], [(0, 0), (0, 1)]]",40,1000,1.0,0.01,0.01,0.0,0.75,5,1,1.0,1000,200,0.0,1.0,0.0,1.0,40.668,0.972,0.975,0.025,0.975,0.0,0.0,0.03,0.97
"[[1, 0], [0, 1]]","[[(0, 1), (0, 0)], [(0, 0), (0, 1)]]",40,1000,1.0,0.01,0.01,0.0,0.75,5,1,1.0,1000,200,0.0,1.0,0.0,1.0,54.703,0.979,0.95,0.0,0.975,0.025,0.0,0.03,0.97
"[[1, 0], [0, 1]]","[[(0, 1), (0, 0)], [(0, 0), (0, 1)]]",40,1000,1.0,0.01,0.01,0.0,0.75,5,1,1.0,1000,200,0.0,1.0,0.0,1.0,67.255,0.995,0.975,0.0,0.975,0.0,0.025,0.03,0.97
"[[1, 0], [0, 1]]","[[(0, 1), (0, 0)], [(0, 0), (0, 1)]]",40,1000,1.0,0.01,0.01,0.0,0.75,5,1,1.0,1000,200,0.0,1.0,0.0,1.0,82.48,0.975,0.975,0.025,0.95,0.0,0.025,0.05,0.95
"[[1, 0], [0, 1]]","[[(0, 1), (0, 0)], [(0, 0), (0, 1)]]",40,1000,1.0,0.01,0.01,0.0,0.75,5,1,1.0,1000,200,0.0,1.0,0.0,1.0,71.287,0.895,0.925,0.05,0.925,0.0,0.025,0.07,0.93
"[[1, 0], [0, 1]]","[[(0, 1), (0, 0)], [(0, 0), (0, 1)]]",40,1000,1.0,0.01,0.01,0.0,0.75,5,1,1.0,1000,200,0.0,1.0,0.0,1.0,92.333,0.969,0.925,0.025,0.925,0.025,0.025,0.07,0.93
"[[1, 0], [0, 1]]","[[(0, 1), (0, 0)], [(0, 0), (0, 1)]]",40,1000,1.0,0.01,0.01,0.0,0.75,5,1,1.0,1000,200,0.0,1.0,0.0,1.0,88.825,0.991,1.0,0.025,0.975,0.0,0.0,0.03,0.97
"[[1, 0], [0, 1]]","[[(0, 1), (0, 0)], [(0, 0), (0, 1)]]",40,1000,1.0,0.01,0.01,0.0,0.75,5,1,1.0,1000,200,0.0,1.0,0.0,1.0,34.079,0.989,0.95,0.025,0.95,0.0,0.025,0.05,0.95
"[[1, 0], [0, 1]]","[[(0, 1), (0, 0)], [(0, 0), (0, 1)]]",40,1000,1.0,0.01,0.01,0.0,0.75,5,1,1.0,1000,200,0.0,1.0,0.0,1.0,22.041,0.968,0.9,0.0,0.95,0.0,0.05,0.05,0.95
"[[1, 0], [0, 1]]","[[(0, 1), (0, 0)], [(0, 0), (0, 1)]]",40,1000,1.0,0.01,0.01,0.0,0.75,5,1,1.0,1000,200,0.0,1.0,0.0,1.0,48.62,0.988,1.0,0.0,1.0,0.0,0.0,0.0,1.0
"[[1, 0], [0, 1]]","[[(0, 1), (0, 0)], [(0, 0), (0, 1)]]",40,1000,1.0,0.01,0.01,0.0,0.75,5,1,1.0,1000,200,0.0,1.0,0.0,1.0,70.115,0.329,0.425,0.0,0.025,0.0,0.975,0.97,0.03
"[[1, 0], [0, 1]]","[[(0, 1), (0, 0)], [(0, 0), (0, 1)]]",40,1000,1.0,0.01,0.01,0.0,0.75,5,1,1.0,1000,200,0.0,1.0,0.0,1.0,92.52,0.966,0.925,0.0,0.975,0.0,0.025,0.03,0.97
"[[1, 0], [0, 1]]","[[(0, 1), (0, 1)], [(1, 0), (0, 1)]]",40,1000,1.0,0.01,0.01,0.0,0.75,5,1,1.0,1000,200,0.0,1.0,0.0,1.0,6.917,0.165,0.425,0.0,0.0,0.0,1.0,0.0,1.0
"[[1, 0], [0, 1]]","[[(0, 1), (0, 1)], [(1, 0), (0, 1)]]",40,1000,1.0,0.01,0.01,0.0,0.75,5,1,1.0,1000,200,0.0,1.0,0.0,1.0,9.054,0.191,0.35,0.025,0.025,0.0,0.95,0.05,0.95
"[[1, 0], [0, 1]]","[[(0, 1), (0, 1)], [(1, 0), (0, 1)]]",40,1000,1.0,0.01,0.01,0.0,0.75,5,1,1.0,1000,200,0.0,1.0,0.0,1.0,5.696,0.24,0.625,0.0,0.025,0.0,0.975,0.03,0.97
"[[1, 0], [0, 1]]","[[(0, 1), (0, 1)], [(1, 0), (0, 1)]]",40,1000,1.0,0.01,0.01,0.0,0.75,5,1,1.0,1000,200,0.0,1.0,0.0,1.0,13.323,0.214,0.375,0.0,0.125,0.0,0.875,0.12,0.88
"[[1, 0], [0, 1]]","[[(0, 1), (0, 1)], [(1, 0), (0, 1)]]",40,1000,1.0,0.01,0.01,0.0,0.75,5,1,1.0,1000,200,0.0,1.0,0.0,1.0,13.518,0.464,0.475,0.075,0.05,0.1,0.775,0.23,0.78
"[[1, 0], [0, 1]]","[[(0, 1), (0, 1)], [(1, 0), (0, 1)]]",40,1000,1.0,0.01,0.01,0.0,0.75,5,1,1.0,1000,200,0.0,1.0,0.0,1.0,23.427,0.241,0.3,0.0,0.075,0.1,0.825,0.82,0.17
"[[1, 0], [0, 1]]","[[(0, 1), (0, 1)], [(1, 0), (0, 1)]]",40,1000,1.0,0.01,0.01,0.0,0.75,5,1,1.0,1000,200,0.0,1.0,0.0,1.0,59.375,1.0,1.0,0.0,1.0,0.0,0.0,0.0,1.0
"[[1, 0], [0, 1]]","[[(0, 1), (0, 1)], [(1, 0), (0, 1)]]",40,1000,1.0,0.01,0.01,0.0,0.75,5,1,1.0,1000,200,0.0,1.0,0.0,1.0,73.881,0.179,0.4,0.0,0.025,0.0,0.975,0.03,0.97
"[[1, 0], [0, 1]]","[[(0, 1), (0, 1)], [(1, 0), (0, 1)]]",40,1000,1.0,0.01,0.01,0.0,0.75,5,1,1.0,1000,200,0.0,1.0,0.0,1.0,80.848,1.0,0.975,0.0,0.975,0.0,0.025,0.03,0.97
"[[1, 0], [0, 1]]","[[(0, 1), (0, 1)], [(1, 0), (0, 1)]]",40,1000,1.0,0.01,0.01,0.0,0.75,5,1,1.0,1000,200,0.0,1.0,0.0,1.0,81.538,0.996,0.925,0.025,0.925,0.0,0.05,0.07,0.93
"[[1, 0], [0, 1]]","[[(0, 1), (0, 1)], [(1, 0), (0, 1)]]",40,1000,1.0,0.01,0.01,0.0,0.75,5,1,1.0,1000,200,0.0,1.0,0.0,1.0,93.991,0.989,0.975,0.025,0.975,0.0,0.0,0.03,0.97
"[[1, 0], [0, 1]]","[[(0, 1), (0, 1)], [(1, 0), (0, 1)]]",40,1000,1.0,0.01,0.01,0.0,0.75,5,1,1.0,1000,200,0.0,1.0,0.0,1.0,93.981,1.0,1.0,0.0,1.0,0.0,0.0,0.0,1.0
"[[1, 0], [0, 1]]","[[(0, 1), (0, 1)], [(1, 0), (0, 1)]]",40,1000,1.0,0.01,0.01,0.0,0.75,5,1,1.0,1000,200,0.0,1.0,0.0,1.0,93.373,0.994,0.925,0.05,0.925,0.0,0.025,0.07,0.93
"[[1, 0], [0, 1]]","[[(0, 1), (0, 1)], [(1, 0), (0, 1)]]",40,1000,1.0,0.01,0.01,0.0,0.75,5,1,1.0,1000,200,0.0,1.0,0.0,1.0,93.689,1.0,1.0,0.0,1.0,0.0,0.0,0.0,1.0
"[[1, 0], [0, 1]]","[[(0, 1), (0, 1)], [(1, 0), (0, 1)]]",40,1000,1.0,0.01,0.01,0.0,0.75,5,1,1.0,1000,200,0.0,1.0,0.0,1.0,93.713,1.0,0.975,0.05,0.925,0.0,0.025,0.03,0.97
"[[1, 0], [0, 1]]","[[(0, 1), (0, 1)], [(1, 0), (0, 1)]]",40,1000,1.0,0.01,0.01,0.0,0.75,5,1,1.0,1000,200,0.0,1.0,0.0,1.0,14.823,1.0,0.975,0.0,0.975,0.025,0.0,0.03,0.97
"[[1, 0], [0, 1]]","[[(0, 1), (0, 1)], [(1, 0), (0, 1)]]",40,1000,1.0,0.01,0.01,0.0,0.75,5,1,1.0,1000,200,0.0,1.0,0.0,1.0,6.293,0.265,0.425,0.0,0.0,0.1,0.9,0.9,0.1
"[[1, 0], [0, 1]]","[[(0, 1), (0, 1)], [(1, 0), (0, 1)]]",40,1000,1.0,0.01,0.01,0.0,0.75,5,1,1.0,1000,200,0.0,1.0,0.0,1.0,23.748,1.0,0.975,0.0,0.975,0.0,0.025,0.03,0.97
"[[1, 0], [0, 1]]","[[(0, 1), (0, 1)], [(1, 0), (0, 1)]]",40,1000,1.0,0.01,0.01,0.0,0.75,5,1,1.0,1000,200,0.0,1.0,0.0,1.0,74.673,1.0,1.0,0.0,0.95,0.05,0.0,0.0,1.0
"[[1, 0], [0, 1]]","[[(0, 1), (0, 1)], [(1, 0), (0, 1)]]",40,1000,1.0,0.01,0.01,0.0,0.75,5,1,1.0,1000,200,0.0,1.0,0.0,1.0,94.186,0.98,0.975,0.05,0.95,0.0,0.0,0.05,0.95
"[[1, 0], [0, 1]]","[[(0, 1), (0, 0)], [(0, 1), (1, 1)]]",40,1000,1.0,0.01,0.01,0.0,0.75,5,1,1.0,1000,200,0.0,1.0,0.0,1.0,6.086,0.15,0.425,0.0,0.0,0.025,0.975,0.03,0.97
"[[1, 0], [0, 1]]","[[(0, 1), (0, 0)], [(0, 1), (1, 1)]]",40,1000,1.0,0.01,0.01,0.0,0.75,5,1,1.0,1000,200,0.0,1.0,0.0,1.0,36.875,1.0,0.0,0.0,0.0,1.0,0.0,1.0,0.0
"[[1, 0], [0, 1]]","[[(0, 1), (0, 0)], [(0, 1), (1, 1)]]",40,1000,1.0,0.01,0.01,0.0,0.75,5,1,1.0,1000,200,0.0,1.0,0.0,1.0,54.995,0.946,0.925,0.175,0.825,0.0,0.0,0.17,0.82
"[[1, 0], [0, 1]]","[[(0, 1), (0, 0)], [(0, 1), (1, 1)]]",40,1000,1.0,0.01,0.01,0.0,0.75,5,1,1.0,1000,200,0.0,1.0,0.0,1.0,69.862,0.969,0.05,0.0,0.025,0.95,0.025,0.95,0.05
"[[1, 0], [0, 1]]","[[(0, 1), (0, 0)], [(0, 1), (1, 1)]]",40,1000,1.0,0.01,0.01,0.0,0.75,5,1,1.0,1000,200,0.0,1.0,0.0,1.0,92.441,0.974,0.95,0.05,0.925,0.025,0.0,0.07,0.93
"[[1, 0], [0, 1]]","[[(0, 1), (0, 0)], [(0, 1), (1, 1)]]",40,1000,1.0,0.01,0.01,0.0,0.75,5,1,1.0,1000,200,0.0,1.0,0.0,1.0,93.608,1.0,0.025,0.0,0.0,0.975,0.025,0.97,0.03
"[[1, 0], [0, 1]]","[[(0, 1), (0, 0)], [(0, 1), (1, 1)]]",40,1000,1.0,0.01,0.01,0.0,0.75,5,1,1.0,1000,200,0.0,1.0,0.0,1.0,92.565,0.957,0.975,0.1,0.9,0.0,0.0,0.1,0.9
"[[1, 0], [0, 1]]","[[(0, 1), (0, 0)], [(0, 1), (1, 1)]]",40,1000,1.0,0.01,0.01,0.0,0.75,5,1,1.0,1000,200,0.0,1.0,0.0,1.0,92.452,0.975,0.925,0.0,0.975,0.025,0.0,0.03,0.97
"[[1, 0], [0, 1]]","[[(0, 1), (0, 0)], [(0, 1), (1, 1)]]",40,1000,1.0,0.01,0.01,0.0,0.75,5,1,1.0,1000,200,0.0,1.0,0.0,1.0,92.386,0.964,0.975,0.0,1.0,0.0,0.0,0.0,1.0
"[[1, 0], [0, 1]]","[[(0, 1), (0, 0)], [(0, 1), (1, 1)]]",40,1000,1.0,0.01,0.01,0.0,0.75,5,1,1.0,1000,200,0.0,1.0,0.0,1.0,92.881,0.974,0.925,0.025,0.925,0.0,0.05,0.07,0.93
"[[1, 0], [0, 1]]","[[(0, 1), (0, 0)], [(0, 1), (1, 1)]]",40,1000,1.0,0.01,0.01,0.0,0.75,5,1,1.0,1000,200,0.0,1.0,0.0,1.0,92.856,0.999,0.975,0.075,0.9,0.025,0.0,0.1,0.9
"[[1, 0], [0, 1]]","[[(0, 1), (0, 0)], [(0, 1), (1, 1)]]",40,1000,1.0,0.01,0.01,0.0,0.75,5,1,1.0,1000,200,0.0,1.0,0.0,1.0,92.467,0.944,0.9,0.075,0.9,0.0,0.025,0.1,0.9
"[[1, 0], [0, 1]]","[[(0, 1), (0, 0)], [(0, 1), (1, 1)]]",40,1000,1.0,0.01,0.01,0.0,0.75,5,1,1.0,1000,200,0.0,1.0,0.0,1.0,92.802,0.999,1.0,0.175,0.825,0.0,0.0,0.0,1.0
"[[1, 0], [0, 1]]","[[(0, 1), (0, 0)], [(0, 1), (1, 1)]]",40,1000,1.0,0.01,0.01,0.0,0.75,5,1,1.0,1000,200,0.0,1.0,0.0,1.0,92.692,0.976,0.975,0.0,0.975,0.0,0.025,0.03,0.97
"[[1, 0], [0, 1]]","[[(0, 1), (0, 0)], [(0, 1), (1, 1)]]",40,1000,1.0,0.01,0.01,0.0,0.75,5,1,1.0,1000,200,0.0,1.0,0.0,1.0,92.73,0.97,0.925,0.0,0.975,0.025,0.0,0.03,0.97
"[[1, 0], [0, 1]]","[[(0, 1), (0, 0)], [(0, 1), (1, 1)]]",40,1000,1.0,0.01,0.01,0.0,0.75,5,1,1.0,1000,200,0.0,1.0,0.0,1.0,6.155,0.174,0.325,0.0,0.025,0.0,0.975,0.97,0.03
"[[1, 0], [0, 1]]","[[(0, 1), (0, 0)], [(0, 1), (1, 1)]]",40,1000,1.0,0.01,0.01,0.0,0.75,5,1,1.0,1000,200,0.0,1.0,0.0,1.0,86.222,0.99,0.0,0.025,0.0,0.975,0.0,0.97,0.03
"[[1, 0], [0, 1]]","[[(0, 1), (0, 0)], [(0, 1), (1, 1)]]",40,1000,1.0,0.01,0.01,0.0,0.75,5,1,1.0,1000,200,0.0,1.0,0.0,1.0,93.597,1.0,0.0,0.0,0.0,1.0,0.0,1.0,0.0
"[[1, 0], [0, 1]]","[[(0, 1), (0, 0)], [(0, 1), (1, 1)]]",40,1000,1.0,0.01,0.01,0.0,0.75,5,1,1.0,1000,200,0.0,1.0,0.0,1.0,92.579,0.985,0.975,0.05,0.95,0.0,0.0,0.05,0.95
"[[1, 0], [0, 1]]","[[(0, 1), (0, 0)], [(0, 1), (1, 1)]]",40,1000,1.0,0.01,0.01,0.0,0.75,5,1,1.0,1000,200,0.0,1.0,0.0,1.0,92.806,0.971,0.925,0.0,0.95,0.05,0.0,0.05,0.95
